index,must_bnc,n_bnc,owtt,must_bnc0,n_bnc0,owtt0
0,False,0,1.4907042,False,0,1.490528
1,False,0,1.4904743,False,0,1.4902982
2,False,0,1.491027,False,0,1.490851
3,False,0,1.1405255,False,0,1.1405905
4,False,0,1.4912524,False,0,1.4910765
5,False,0,1.4912789,False,0,1.4911029
6,False,0,1.4913272,False,0,1.4911506
7,False,0,1.4910439,False,0,1.4908676
8,False,0,1.4908308,False,0,1.4906545
9,False,0,1.490475,False,0,1.490299
10,False,0,1.4907124,False,0,1.4905361
11,False,0,1.4908854,False,0,1.4907092
12,False,0,1.4911232,False,0,1.4909474
13,False,0,1.4911768,False,0,1.4910005
14,False,0,1.4909586,False,0,1.4907824
15,False,0,1.4910015,False,0,1.4908255
16,False,0,1.4908335,False,0,1.4906573
17,False,0,1.4909035,False,0,1.4907273
18,False,0,1.491303,False,0,1.491127
19,False,0,1.4914043,False,0,1.4912275
20,False,0,1.1385715,False,0,1.1386336
21,False,0,1.4913046,False,0,1.4911284
22,False,0,1.4913037,False,0,1.4911276
23,False,0,1.1391737,False,0,1.1392326
24,False,0,1.4912403,False,0,1.4910641
25,False,0,1.1401169,False,0,1.1401794
26,False,0,1.491265,False,0,1.4910892
27,False,0,1.4915717,False,0,1.4913949
28,False,0,1.1397352,False,0,1.1397965
29,False,0,1.4915938,False,0,1.491417
30,False,0,1.4903975,False,0,1.4902216
31,False,0,1.490522,False,0,1.490346
32,False,0,1.13877,False,0,1.1388308
33,False,0,1.4905578,False,0,1.490382
34,False,0,1.4905903,False,0,1.4904145
35,False,0,1.49043,False,0,1.4902538
36,False,0,1.1390852,False,0,1.1391456
37,False,0,1.4905736,False,0,1.4903979
38,False,0,1.4904555,False,0,1.4902797
39,False,0,1.4912325,False,0,1.4910564
40,False,0,1.4914314,False,0,1.4912543
41,False,0,1.4915384,False,0,1.4913616
42,False,0,1.4912767,False,0,1.4911009
43,False,0,1.1402961,False,0,1.1403565
44,False,0,1.4912539,False,0,1.4910778
45,False,0,1.491777,False,0,1.4916005
46,False,0,1.4918457,False,0,1.491669
47,False,0,1.4916928,False,0,1.4915161
48,False,0,1.4915392,False,0,1.4913625
49,False,0,1.4911287,False,0,1.4909528
50,False,0,1.4909401,False,0,1.4907639
51,False,0,1.4900076,False,0,1.4899046
52,False,0,1.4900873,False,0,1.4899843
53,False,0,1.4901692,False,0,1.4900657
54,False,0,1.4903163,False,0,1.4902132
55,False,0,1.4902729,False,0,1.4901725
56,False,0,1.4904021,False,0,1.4902987
57,False,0,1.4906107,False,0,1.4905072
58,False,0,1.4905095,False,0,1.4904062
59,False,0,1.4906833,False,0,1.4905736
60,False,0,1.4905775,False,0,1.4904741
61,False,0,1.4900125,False,0,1.4899092
62,False,0,1.4897119,False,0,1.4896178
63,False,0,1.4897228,False,0,1.4896288
64,False,0,1.4896265,False,0,1.4895326
65,False,0,1.4898221,False,0,1.4897277
66,False,0,1.4898677,False,0,1.4897736
67,False,0,1.1341436,False,0,1.134049
68,False,0,1.4896903,False,0,1.4895964
69,False,0,1.1342806,False,0,1.1341863
70,False,0,1.4899652,False,0,1.4898622
71,False,0,1.1336424,False,0,1.1335434
72,False,0,1.4897401,False,0,1.489646
73,False,0,1.1334723,False,0,1.1333734
74,False,0,1.4898651,False,0,1.489771
75,False,0,1.1327267,False,0,1.1326245
76,False,0,1.4900846,False,0,1.4899814
77,False,0,1.1333609,False,0,1.1332616
78,False,0,1.4900978,False,0,1.4899943
79,False,0,1.1342812,False,0,1.1341867
80,False,0,1.4901652,False,0,1.4900652
81,False,0,1.4900075,False,0,1.4899075
82,False,0,1.4900645,False,0,1.4899611
83,False,0,1.4898368,False,0,1.4897426
84,False,0,1.4901245,False,0,1.4900247
85,False,0,1.490054,False,0,1.4899507
86,False,0,1.4897908,False,0,1.4896966
87,False,0,1.4897374,False,0,1.4896435
88,False,0,1.4893196,False,0,1.4892255
89,False,0,1.4893985,False,0,1.48931
90,False,0,1.2379658,False,0,1.2380233
91,False,0,1.2383218,False,0,1.2383828
92,False,0,1.2384278,False,0,1.2384903
93,False,0,1.2382157,False,0,1.2382755
94,False,0,1.2385422,False,0,1.2386062
95,False,0,1.238412,False,0,1.2384744
96,False,0,1.2380522,False,0,1.2381104
97,False,0,1.2376053,False,0,1.2376585
98,False,0,1.2381151,False,0,1.2381738
99,False,0,1.2395525,False,0,1.2396256
100,False,0,1.2393948,False,0,1.2394663
101,False,0,1.2386696,False,0,1.238735
102,False,0,1.2389578,False,0,1.2390273
103,False,0,1.238142,False,0,1.2382008
104,False,0,1.2381812,False,0,1.2382407
105,False,0,1.2382816,False,0,1.2383425
106,False,0,1.2378336,False,0,1.2378894
107,False,0,1.2377785,False,0,1.2378334
108,False,0,1.2378675,False,0,1.2379236
109,False,0,1.2371413,False,0,1.2371893
110,False,0,1.2372254,False,0,1.2372742
111,False,0,1.2380053,False,0,1.238063
112,False,0,1.237655,False,0,1.2377087
113,False,0,1.2380087,False,0,1.2380662
114,False,0,1.237884,False,0,1.2379402
115,False,0,2.1916137,False,0,2.1915376
116,False,0,1.2314405,False,0,1.2313654
117,False,0,1.2314786,False,0,1.2314034
118,False,0,1.2301699,False,0,1.2300828
119,False,0,1.229997,False,0,1.2299007
120,False,0,1.2295507,False,0,1.229455
121,False,0,1.0536386,False,0,1.053805
122,False,0,1.0544574,False,0,1.0546283
123,False,0,1.0541853,False,0,1.0543557
124,False,0,1.0535458,False,0,1.0537122
125,False,0,1.0530406,False,0,1.0532035
126,False,0,1.0526966,False,0,1.052859
127,False,0,1.4200835,False,0,1.4199209
128,False,0,1.0530767,False,0,1.0532396
129,False,0,1.4201905,False,0,1.420027
130,False,0,1.0533937,False,0,1.0535597
131,False,0,1.4201344,False,0,1.4199716
132,False,0,1.4201527,False,0,1.4199888
133,False,0,1.0543827,False,0,1.0545535
134,False,0,1.4203382,False,0,1.4201794
135,False,0,1.0550593,False,0,1.0552344
136,False,0,1.420315,False,0,1.4201522
137,False,0,1.05549,False,0,1.0556698
138,False,0,1.4202965,False,0,1.420133
139,False,0,1.0546854,False,0,1.0548584
140,False,0,1.4201264,False,0,1.4199626
141,False,0,1.0536692,False,0,1.0538356
142,False,0,1.4199998,False,0,1.4198382
143,False,0,1.0541672,False,0,1.0543375
144,False,0,1.0546504,False,0,1.0548236
145,False,0,1.0538394,False,0,1.0540062
146,False,0,1.054046,False,0,1.0542152
147,False,0,1.4204644,False,0,1.4203073
148,False,0,1.0540677,False,0,1.0542368
149,False,0,1.4204485,False,0,1.4202907
150,False,0,1.0534557,False,0,1.0536221
151,False,0,1.4203157,False,0,1.4201536
152,False,0,1.0538675,False,0,1.0540341
153,False,0,1.4202974,False,0,1.4201348
154,False,0,1.0529643,False,0,1.0531274
155,False,0,1.420184,False,0,1.4200187
156,False,0,1.0535618,False,0,1.0537281
157,False,0,1.4202404,False,0,1.4200746
158,False,0,1.4202513,False,0,1.4200869
159,False,0,1.0527523,False,0,1.0529147
160,False,0,1.4200999,False,0,1.4199361
161,False,0,1.0526338,False,0,1.0527955
162,False,0,1.4202274,False,0,1.4200635
163,False,0,1.0531591,False,0,1.0533223
164,False,0,1.420293,False,0,1.4201299
165,False,0,1.4200689,False,0,1.4199065
166,False,0,1.0538305,False,0,1.0539974
167,False,0,1.4197334,False,0,1.4195814
168,False,0,1.4196714,False,0,1.4195203
169,False,0,1.4198548,False,0,1.4196922
170,False,0,1.419707,False,0,1.4195559
171,False,0,1.4198865,False,0,1.4197253
172,False,0,1.0537878,False,0,1.0539548
173,False,0,1.4199437,False,0,1.4197826
174,False,0,1.0529624,False,0,1.0531253
175,False,0,1.4197961,False,0,1.4196451
176,False,0,1.0524253,False,0,1.052585
177,False,0,1.4199795,False,0,1.4198164
178,False,0,1.052938,False,0,1.0531007
179,False,0,1.4197855,False,0,1.4196346
180,False,0,1.053409,False,0,1.053575
181,False,0,1.4198234,False,0,1.4196726
182,False,0,1.4196572,False,0,1.4195064
183,False,0,1.4185795,False,0,1.4184779
184,False,0,1.4186512,False,0,1.4185476
185,False,0,1.4187268,False,0,1.41862
186,False,0,1.4187999,False,0,1.4186957
187,False,0,1.4185561,False,0,1.4184555
188,False,0,1.4185611,False,0,1.418457
189,False,0,1.4185289,False,0,1.4184237
190,False,0,1.4185075,False,0,1.4184036
191,False,0,1.418389,False,0,1.4182851
192,False,0,1.4187909,False,0,1.4186933
193,False,0,1.418741,False,0,1.4186344
194,False,0,1.4186875,False,0,1.4185872
195,False,0,1.4187251,False,0,1.4186176
196,False,0,1.4186548,False,0,1.4185568
197,False,0,1.4187251,False,0,1.4186176
198,False,0,1.4187359,False,0,1.4186317
199,False,0,1.4184766,False,0,1.4183772
200,False,0,1.4186306,False,0,1.4185215
201,False,0,1.418654,False,0,1.4185526
202,False,0,1.4185791,False,0,1.4184756
203,False,0,1.4186075,False,0,1.4185028
204,False,0,1.4187713,False,0,1.4186642
205,False,0,1.4187516,False,0,1.4186559
206,False,0,1.4185593,False,0,1.4184597
207,False,0,1.4184339,False,0,1.4183296
208,False,0,1.4184875,False,0,1.4183842
209,False,0,1.4184531,False,0,1.4183524
210,False,0,1.4181846,False,0,1.4180795
211,False,0,1.418296,False,0,1.4181923
212,False,0,1.4183407,False,0,1.4182374
213,False,0,1.4183599,False,0,1.4182543
214,False,0,1.418641,False,0,1.4185346
215,False,0,1.4184338,False,0,1.4183316
216,False,0,1.016862,False,0,1.0168151
217,False,0,1.0161806,False,0,1.0161374
218,False,0,1.0161761,False,0,1.0161301
219,False,0,1.0162727,False,0,1.0162343
220,False,0,1.016149,False,0,1.0161039
221,False,0,1.0162271,False,0,1.0161817
222,False,0,1.0162556,False,0,1.0162107
223,False,0,1.0165235,False,0,1.0164778
224,False,0,1.0147487,False,0,1.0147009
225,False,0,1.0155957,False,0,1.0155493
226,False,0,1.0150027,False,0,1.0149585
227,False,0,1.0148602,False,0,1.0148124
228,False,0,1.0148947,False,0,1.0148464
229,False,0,1.0161083,False,0,1.0160625
230,False,0,1.0151553,False,0,1.0151074
231,False,0,1.0153903,False,0,1.0153415
232,False,0,1.0149206,False,0,1.0148727
233,False,0,1.014967,False,0,1.0149188
234,False,0,1.0144854,False,0,1.0144385
235,False,0,1.0152704,False,0,1.0152223
236,False,0,1.0156991,False,0,1.0156504
237,False,0,1.0161551,False,0,1.0161119
238,False,0,1.0172288,False,0,1.0171838
239,False,0,1.0171195,False,0,1.0170748
240,False,0,1.016189,False,0,1.0161457
241,False,0,1.0161083,False,0,1.0160625
242,False,0,1.0154277,False,0,1.015379
243,False,0,1.0155916,False,0,1.0155452
244,False,0,1.0152236,False,0,1.0151798
245,False,0,1.0162128,False,0,1.0161669
246,False,0,1.0166024,False,0,1.0165575
247,False,0,1.0175402,False,0,1.0174952
248,False,0,1.0175568,False,0,1.0175126
249,False,0,1.0185459,False,0,1.0185015
250,False,0,1.4910764,False,0,1.4909002
251,False,0,1.4915317,False,0,1.4913547
252,False,0,1.4914955,False,0,1.4913186
253,False,0,1.4915806,False,0,1.491404
254,False,0,1.4916866,False,0,1.4915099
255,False,0,1.4912145,False,0,1.4910386
256,False,0,1.4907941,False,0,1.490618
257,False,0,1.1372737,False,0,1.1373394
258,False,0,1.137146,False,0,1.1372113
259,False,0,1.1402006,False,0,1.1402603
260,False,0,1.1391675,False,0,1.1392277
261,False,0,1.490707,False,0,1.4905308
262,False,0,1.4905773,False,0,1.490401
263,False,0,1.1371433,False,0,1.1372087
264,False,0,1.4908569,False,0,1.4906809
265,False,0,1.4908524,False,0,1.490676
266,False,0,1.1395295,False,0,1.1395882
267,False,0,1.4910146,False,0,1.4908384
268,False,0,1.4908694,False,0,1.4906933
269,False,0,1.4909931,False,0,1.4908171
270,False,0,1.4908135,False,0,1.4906374
271,False,0,1.1410569,False,0,1.1411225
272,False,0,1.4897618,False,0,1.4896679
273,False,0,1.4893521,False,0,1.4892582
274,False,0,1.4893035,False,0,1.4892095
275,False,0,1.4896638,False,0,1.4895698
276,False,0,1.4899652,False,0,1.4898622
277,False,0,1.4897299,False,0,1.4896357
278,False,0,1.4896736,False,0,1.4895796
279,False,0,1.4898942,False,0,1.4898001
280,False,0,1.4900501,False,0,1.4899468
281,False,0,1.4900866,False,0,1.4899837
282,False,0,1.4898707,False,0,1.4897763
283,False,0,1.4896349,False,0,1.4895409
284,False,0,1.4900317,False,0,1.4899315
285,False,0,1.4898435,False,0,1.4897494
286,False,0,1.4899104,False,0,1.4898163
287,False,0,1.4900998,False,0,1.4899967
288,False,0,1.4898053,False,0,1.489711
289,False,0,1.4897195,False,0,1.4896252
290,False,0,1.489541,False,0,1.4894514
291,False,0,1.4897776,False,0,1.4896834
292,False,0,1.4900464,False,0,1.4899476
293,False,0,1.4899604,False,0,1.4898577
294,False,0,1.489835,False,0,1.4897411
295,False,0,1.4895836,False,0,1.4894896
296,False,0,1.4895447,False,0,1.4894503
297,False,0,1.4896045,False,0,1.4895102
298,False,0,1.4895974,False,0,1.4895036
299,False,0,1.4897249,False,0,1.4896306
300,False,0,1.4897902,False,0,1.4896959
301,False,0,1.4898622,False,0,1.4897681
302,False,0,1.4898651,False,0,1.489771
303,False,0,1.4897783,False,0,1.489684
304,False,0,1.4899918,False,0,1.4898887
305,False,0,1.490087,False,0,1.4899868
306,False,0,1.4899203,False,0,1.4898261
307,False,0,1.4896091,False,0,1.4895194
308,False,0,1.4897153,False,0,1.4896212
309,False,0,1.4894658,False,0,1.489372
310,False,0,1.4894594,False,0,1.4893655
311,False,0,1.4893554,False,0,1.4892657
312,False,0,1.4893221,False,0,1.4892281
313,False,0,1.4893998,False,0,1.489306
314,False,0,1.489312,False,0,1.4892178
315,False,0,1.4894994,False,0,1.4894058
316,False,0,1.4892861,False,0,1.4891921
317,False,0,1.4897633,False,0,1.489669
318,False,0,1.4896293,False,0,1.4895355
319,False,0,1.4895176,False,0,1.4894234
320,False,0,1.4896224,False,0,1.4895283
321,False,0,1.4895926,False,0,1.4894987
322,False,0,1.4894567,False,0,1.4893625
323,False,0,1.4895267,False,0,1.4894367
324,False,0,1.4898635,False,0,1.4897692
325,False,0,1.4897486,False,0,1.4896543
326,False,0,1.4896196,False,0,1.4895297
327,False,0,1.2372254,False,0,1.2372742
328,False,0,1.237566,False,0,1.2376187
329,False,0,1.2356678,False,0,1.2356992
330,False,0,1.2356622,False,0,1.2356935
331,False,0,1.2362835,False,0,1.2363218
332,False,0,1.2366654,False,0,1.236708
333,False,0,1.236511,False,0,1.2365518
334,False,0,1.2361681,False,0,1.2362055
335,False,0,1.2368069,False,0,1.2368509
336,False,0,1.2372882,False,0,1.2373376
337,False,0,1.237,False,0,1.2370461
338,False,0,1.237111,False,0,1.2371584
339,False,0,1.2368929,False,0,1.2369382
340,False,0,1.2367932,False,0,1.2368369
341,False,0,1.2364708,False,0,1.2365115
342,False,0,1.2368908,False,0,1.2369361
343,False,0,1.2379962,False,0,1.2380539
344,False,0,1.2385719,False,0,1.238636
345,False,0,1.2369365,False,0,1.2369821
346,False,0,1.2372633,False,0,1.2373124
347,False,0,1.2383333,False,0,1.2383949
348,False,0,1.2296753,False,0,1.2295797
349,False,0,1.2311444,False,0,1.2310648
350,False,0,1.230208,False,0,1.2301207
351,False,0,1.230208,False,0,1.2301207
352,False,0,1.0541785,False,0,1.0543487
353,False,0,1.0535103,False,0,1.0536762
354,False,0,1.055661,False,0,1.0558412
355,False,0,1.0541999,False,0,1.0543704
356,False,0,1.054998,False,0,1.055173
357,False,0,1.0548035,False,0,1.0549781
358,False,0,1.0544533,False,0,1.054624
359,False,0,1.4204018,False,0,1.4202449
360,False,0,1.0560081,False,0,1.056189
361,False,0,1.4201572,False,0,1.4199946
362,False,0,1.4201388,False,0,1.4199765
363,False,0,1.0550839,False,0,1.055259
364,False,0,1.4204094,False,0,1.4202518
365,False,0,1.4201604,False,0,1.4199964
366,False,0,1.0557835,False,0,1.0559636
367,False,0,1.4205517,False,0,1.4203867
368,False,0,1.0559037,False,0,1.0560838
369,False,0,1.4202185,False,0,1.4200554
370,False,0,1.0558074,False,0,1.0559878
371,False,0,1.4202759,False,0,1.4201134
372,False,0,1.0556315,False,0,1.0558114
373,False,0,1.4200209,False,0,1.4198587
374,False,0,1.0546186,False,0,1.0547894
375,False,0,1.4201053,False,0,1.4199426
376,False,0,1.0545607,False,0,1.0547315
377,False,0,1.4200639,False,0,1.4199008
378,False,0,1.4199002,False,0,1.4197384
379,False,0,1.0543897,False,0,1.0545602
380,False,0,1.4200345,False,0,1.4198719
381,False,0,1.0558298,False,0,1.0560099
382,False,0,1.4202266,False,0,1.4200642
383,False,0,1.420128,False,0,1.4199653
384,False,0,1.0546553,False,0,1.0548288
385,False,0,1.4201199,False,0,1.4199556
386,False,0,1.4200375,False,0,1.419874
387,False,0,1.0542809,False,0,1.0544512
388,False,0,1.0559685,False,0,1.0561494
389,False,0,1.0557989,False,0,1.0559794
390,False,0,1.0550197,False,0,1.0551947
391,False,0,1.0544957,False,0,1.0546669
392,False,0,1.0532411,False,0,1.0534059
393,False,0,1.0529653,False,0,1.053128
394,False,0,1.0525138,False,0,1.0526738
395,False,0,1.4187945,False,0,1.4186927
396,False,0,1.418717,False,0,1.4186069
397,False,0,1.4189543,False,0,1.4188528
398,False,0,1.4188073,False,0,1.4187045
399,False,0,1.41865,False,0,1.4185483
400,False,0,1.4183857,False,0,1.418283
401,False,0,1.418725,False,0,1.4186295
402,False,0,1.4190952,False,0,1.4189953
403,False,0,1.0482602,False,0,1.0481784
404,False,0,1.4189664,False,0,1.4188672
405,False,0,1.4190205,False,0,1.4189231
406,False,0,1.4187032,False,0,1.4185998
407,False,0,1.4185792,False,0,1.4184752
408,False,0,1.4186332,False,0,1.4185271
409,False,0,1.4187789,False,0,1.418678
410,False,0,1.4188498,False,0,1.4187412
411,False,0,1.4187958,False,0,1.4186976
412,False,0,1.0525941,False,0,1.0524976
413,False,0,1.4186822,False,0,1.4185817
414,False,0,1.418899,False,0,1.4187988
415,False,0,1.4190817,False,0,1.4189788
416,False,0,1.051151,False,0,1.0510578
417,False,0,1.4190525,False,0,1.418945
418,False,0,1.0509198,False,0,1.0508252
419,False,0,1.4186969,False,0,1.418602
420,False,0,1.4185894,False,0,1.4184793
421,False,0,1.0501375,False,0,1.050051
422,False,0,1.0500501,False,0,1.0499638
423,False,0,1.4189056,False,0,1.4188014
424,False,0,1.0509243,False,0,1.050832
425,False,0,1.4186417,False,0,1.4185436
426,False,0,1.049961,False,0,1.0498744
427,False,0,1.4183898,False,0,1.4182878
428,False,0,1.0501686,False,0,1.0500821
429,False,0,1.4185419,False,0,1.4184363
430,False,0,1.4183698,False,0,1.4182656
431,False,0,1.4184602,False,0,1.4183582
432,False,0,1.418668,False,0,1.4185673
433,False,0,1.4185491,False,0,1.4184458
434,False,0,1.4183345,False,0,1.4182262
435,False,0,1.4182429,False,0,1.4181403
436,False,0,1.4184589,False,0,1.4183515
437,False,0,1.4185449,False,0,1.4184407
438,False,0,1.4185894,False,0,1.4184806
439,False,0,1.418663,False,0,1.418563
440,False,0,1.4185712,False,0,1.4184701
441,False,0,1.4188356,False,0,1.4187362
442,False,0,1.4188033,False,0,1.4187008
443,False,0,1.4187909,False,0,1.4186933
444,False,0,1.4188349,False,0,1.4187286
445,False,0,1.4188616,False,0,1.4187542
446,False,0,1.4189653,False,0,1.4188639
447,False,0,1.4192767,False,0,1.4191725
448,False,0,1.4187542,False,0,1.4186504
449,False,0,1.4187554,False,0,1.418652
450,False,0,1.4188701,False,0,1.418769
451,False,0,1.4187268,False,0,1.41862
452,False,0,1.4187431,False,0,1.418637
453,False,0,1.4186105,False,0,1.4185076
454,False,0,1.4189584,False,0,1.4188566
455,False,0,1.418954,False,0,1.4188505
456,False,0,1.0161898,False,0,1.0161449
457,False,0,1.0162598,False,0,1.0162141
458,False,0,1.0157952,False,0,1.0157487
459,False,0,1.0164696,False,0,1.0164222
460,False,0,1.0163531,False,0,1.0163097
461,False,0,1.0155792,False,0,1.0155325
462,False,0,1.0157309,False,0,1.0156859
463,False,0,1.0152632,False,0,1.0152175
464,False,0,1.015507,False,0,1.0154593
465,False,0,1.0152898,False,0,1.015242
466,False,0,1.0154648,False,0,1.0154183
467,False,0,1.4904569,False,0,1.490281
468,False,0,1.4904323,False,0,1.4902561
469,False,0,1.4901063,False,0,1.48993
470,False,0,1.4904578,False,0,1.4902815
471,False,0,1.1365227,False,0,1.1365913
472,False,0,1.4904257,False,0,1.4902499
473,False,0,1.1360108,False,0,1.1360812
474,False,0,1.4905018,False,0,1.4903258
475,False,0,1.4907601,False,0,1.4905841
476,False,0,1.4908597,False,0,1.4906838
477,False,0,1.4908229,False,0,1.490647
478,False,0,1.4910825,False,0,1.4909064
479,False,0,1.136858,False,0,1.1369255
480,False,0,1.4909601,False,0,1.490784
481,False,0,1.1371124,False,0,1.1371778
482,False,0,1.1369666,False,0,1.1370349
483,False,0,1.1368827,False,0,1.1369493
484,False,0,1.4905654,False,0,1.4903895
485,False,0,1.4906394,False,0,1.4904635
486,False,0,1.4908826,False,0,1.4907063
487,False,0,1.4909496,False,0,1.4907737
488,False,0,1.4908025,False,0,1.490626
489,False,0,1.1381294,False,0,1.1381918
490,False,0,1.4909401,False,0,1.4907639
491,False,0,1.1385441,False,0,1.1386048
492,False,0,1.4910396,False,0,1.4908634
493,False,0,1.1383836,False,0,1.1384444
494,False,0,1.491086,False,0,1.4909098
495,False,0,1.4907318,False,0,1.4905556
496,False,0,1.4907485,False,0,1.4905721
497,False,0,1.4906814,False,0,1.4905051
498,False,0,1.4909025,False,0,1.4907265
499,False,0,1.4910078,False,0,1.4908316
500,False,0,1.1369597,False,0,1.1370258
501,False,0,1.4897033,False,0,1.4896094
502,False,0,1.1304553,False,0,1.1303712
503,False,0,1.4894719,False,0,1.4893779
504,False,0,1.4895267,False,0,1.4894367
505,False,0,1.1312829,False,0,1.1311918
506,False,0,1.4894658,False,0,1.489372
507,False,0,1.131231,False,0,1.1311399
508,False,0,1.489266,False,0,1.4891723
509,False,0,1.1321802,False,0,1.1320828
510,False,0,1.4891404,False,0,1.4890585
511,False,0,1.4893433,False,0,1.4892545
512,False,0,1.1330132,False,0,1.1329138
513,False,0,1.48949,False,0,1.4894003
514,False,0,1.1330776,False,0,1.1329782
515,False,0,1.4897424,False,0,1.4896481
516,False,0,1.1333836,False,0,1.1332843
517,False,0,1.4898047,False,0,1.4897106
518,False,0,1.4899896,False,0,1.4898865
519,False,0,1.1336591,False,0,1.1335603
520,False,0,1.4899162,False,0,1.4898223
521,False,0,1.1338404,False,0,1.1337464
522,False,0,1.4898684,False,0,1.4897743
523,False,0,1.1339927,False,0,1.1338981
524,False,0,1.4895632,False,0,1.4894694
525,False,0,1.1346612,False,0,1.1345738
526,False,0,1.4894428,False,0,1.4893488
527,False,0,1.4893035,False,0,1.4892095
528,False,0,1.1329591,False,0,1.132857
529,False,0,1.4893686,False,0,1.4892741
530,False,0,1.1337892,False,0,1.1336951
531,False,0,1.4894769,False,0,1.4893883
532,False,0,1.4894115,False,0,1.4893217
533,False,0,1.4896853,False,0,1.4895954
534,False,0,1.4896826,False,0,1.4895883
535,False,0,1.4896702,False,0,1.4895762
536,False,0,1.1351917,False,0,1.1351142
537,False,0,1.4895232,False,0,1.4894289
538,False,0,1.4893917,False,0,1.4892976
539,False,0,1.1361345,False,0,1.1360689
540,False,0,1.4894115,False,0,1.4893217
541,False,0,1.4893943,False,0,1.4893004
542,False,0,1.4894019,False,0,1.489308
543,False,0,1.1357083,False,0,1.1356316
544,False,0,1.4893605,False,0,1.4892664
545,False,0,1.1356635,False,0,1.1355865
546,False,0,1.4896729,False,0,1.4895831
547,False,0,1.1356131,False,0,1.1355358
548,False,0,1.489633,False,0,1.4895387
549,False,0,1.4898344,False,0,1.4897403
550,False,0,1.1346319,False,0,1.1345448
551,False,0,1.4899203,False,0,1.4898261
552,False,0,1.1347005,False,0,1.1346134
553,False,0,1.489892,False,0,1.4897977
554,False,0,1.4896196,False,0,1.4895297
555,False,0,1.13548,False,0,1.1354029
556,False,0,1.4897144,False,0,1.4896202
557,False,0,1.1354692,False,0,1.1353917
558,False,0,1.4902703,False,0,1.4901671
559,False,0,1.1359565,False,0,1.1358912
560,False,0,1.4905318,False,0,1.4904283
561,False,0,1.1356317,False,0,1.1355547
562,False,0,1.4905804,False,0,1.4904767
563,False,0,1.1356966,False,0,1.1356194
564,False,0,1.490711,False,0,1.4906012
565,False,0,1.1353639,False,0,1.1352865
566,False,0,1.4905837,False,0,1.4904803
567,False,0,1.4900193,False,0,1.4899164
568,False,0,1.1350229,False,0,1.1349361
569,False,0,1.4899954,False,0,1.4898922
570,False,0,1.1347073,False,0,1.1346203
571,False,0,1.4900832,False,0,1.4899799
572,False,0,1.1350161,False,0,1.1349293
573,False,0,1.4900923,False,0,1.4899892
574,False,0,1.1342902,False,0,1.1341958
575,False,0,1.489917,False,0,1.4898225
576,False,0,1.1347607,False,0,1.1346738
577,False,0,1.4901484,False,0,1.4900453
578,False,0,1.4903259,False,0,1.4902225
579,False,0,1.1357704,False,0,1.1357049
580,False,0,1.4903413,False,0,1.4902381
581,False,0,1.4900978,False,0,1.4899943
582,False,0,1.1356018,False,0,1.1355247
583,False,0,1.4900237,False,0,1.4899206
584,False,0,1.4901732,False,0,1.4900702
585,False,0,1.1364199,False,0,1.1363626
586,False,0,1.490296,False,0,1.4901927
587,False,0,1.1355935,False,0,1.1355164
588,False,0,1.4901962,False,0,1.490093
589,False,0,1.1359228,False,0,1.1358572
590,False,0,1.2370908,False,0,1.2371382
591,False,0,1.2370275,False,0,1.237074
592,False,0,1.2372433,False,0,1.2372925
593,False,0,1.2371302,False,0,1.237178
594,False,0,1.237128,False,0,1.2371757
595,False,0,1.2377702,False,0,1.2378252
596,False,0,1.2366676,False,0,1.2367102
597,False,0,1.2367517,False,0,1.2367952
598,False,0,1.2371206,False,0,1.2371683
599,False,0,1.2369688,False,0,1.2370148
600,False,0,1.2366446,False,0,1.236687
601,False,0,1.2374572,False,0,1.2375085
602,False,0,1.2355815,False,0,1.235612
603,False,0,1.2368902,False,0,1.2369353
604,False,0,1.2372599,False,0,1.2373091
605,False,0,1.2362287,False,0,1.2362669
606,False,0,1.236442,False,0,1.2364823
607,False,0,1.2303616,False,0,1.2302746
608,False,0,1.2297307,False,0,1.2296351
609,False,0,1.2291343,False,0,1.229027
610,False,0,1.2298948,False,0,1.2297993
611,False,0,1.2303036,False,0,1.2302164
612,False,0,1.2300974,False,0,1.23001
613,False,0,1.2306579,False,0,1.2305709
614,False,0,1.2308007,False,0,1.2307206
615,False,0,1.2303368,False,0,1.2302495
616,False,0,1.2296551,False,0,1.2295597
617,False,0,1.2293713,False,0,1.2292757
618,False,0,1.2299099,False,0,1.2298143
619,False,0,1.2304075,False,0,1.2303203
620,False,0,1.231342,False,0,1.2312622
621,False,0,1.2311136,False,0,1.2310337
622,False,0,1.2314149,False,0,1.2313397
623,False,0,2.1912007,False,0,2.191125
624,False,0,1.2315415,False,0,1.2314663
625,False,0,2.191538,False,0,2.1914623
626,False,0,1.2315055,False,0,1.2314304
627,False,0,2.1913474,False,0,2.1912718
628,False,0,2.1911404,False,0,2.1910644
629,False,0,1.231585,False,0,1.2315099
630,False,0,2.1913302,False,0,2.1912544
631,False,0,2.1912339,False,0,2.191158
632,False,0,2.1912868,False,0,2.1912107
633,False,0,2.1915414,False,0,2.1914656
634,False,0,1.2316233,False,0,1.2315481
635,False,0,2.1916006,False,0,2.1915128
636,False,0,1.2316011,False,0,1.231526
637,False,0,2.1917841,False,0,2.191708
638,False,0,1.2313128,False,0,1.231233
639,False,0,1.2313535,False,0,1.231274
640,False,0,2.191494,False,0,2.191418
641,False,0,1.2310083,False,0,1.2309282
642,False,0,1.2307348,False,0,1.230655
643,False,0,1.2307363,False,0,1.2306561
644,False,0,1.2317146,False,0,1.2316396
645,False,0,1.2323036,False,0,1.232231
646,False,0,1.2327555,False,0,1.2326833
647,False,0,1.2324102,False,0,1.2323376
648,False,0,1.0570121,False,0,1.0571985
649,False,0,1.0569011,False,0,1.0570873
650,False,0,1.0568302,False,0,1.0570146
651,False,0,1.0570232,False,0,1.0572093
652,False,0,1.0564437,False,0,1.0566272
653,False,0,1.0559586,False,0,1.0561392
654,False,0,1.0556386,False,0,1.0558184
655,False,0,1.0565867,False,0,1.0567702
656,False,0,1.0560089,False,0,1.0561898
657,False,0,1.0567325,False,0,1.056916
658,False,0,1.0568252,False,0,1.0570097
659,False,0,1.0570393,False,0,1.0572257
660,False,0,1.0568434,False,0,1.0570279
661,False,0,1.0565692,False,0,1.0567526
662,False,0,1.05546,False,0,1.0556384
663,False,0,1.0563991,False,0,1.0565821
664,False,0,1.0560929,False,0,1.0562739
665,False,0,1.057826,False,0,1.0580142
666,False,0,1.0571349,False,0,1.0573214
667,False,0,1.4200529,False,0,1.4198905
668,False,0,1.0546067,False,0,1.0547776
669,False,0,1.0564884,False,0,1.0566717
670,False,0,1.056745,False,0,1.0569286
671,False,0,1.4196804,False,0,1.4195286
672,False,0,1.0574424,False,0,1.0576297
673,False,0,1.0542761,False,0,1.0544462
674,False,0,1.0537711,False,0,1.053938
675,False,0,1.0545703,False,0,1.054741
676,False,0,1.053926,False,0,1.054093
677,False,0,1.0541713,False,0,1.0543417
678,False,0,1.0551474,False,0,1.0553226
679,False,0,1.4199497,False,0,1.4197868
680,False,0,1.05645,False,0,1.056633
681,False,0,1.419056,False,0,1.4189509
682,False,0,1.4190673,False,0,1.4189621
683,False,0,1.4188975,False,0,1.4187939
684,False,0,1.4189625,False,0,1.4188616
685,False,0,1.4191126,False,0,1.4190139
686,False,0,1.4191267,False,0,1.4190309
687,False,0,1.4191222,False,0,1.4190193
688,False,0,1.419121,False,0,1.4190205
689,False,0,1.4192653,False,0,1.4191656
690,False,0,1.419317,False,0,1.4192212
691,False,0,1.4190114,False,0,1.4189067
692,False,0,1.4188279,False,0,1.4187247
693,False,0,1.4187484,False,0,1.4186456
694,False,0,1.4189625,False,0,1.4188616
695,False,0,1.4190011,False,0,1.4189017
696,False,0,1.4187958,False,0,1.4186976
697,False,0,1.4187789,False,0,1.4186802
698,False,0,1.4189978,False,0,1.4188968
699,False,0,1.4191222,False,0,1.4190193
700,False,0,1.419,False,0,1.4189045
701,False,0,1.0480818,False,0,1.0479997
702,False,0,1.4190761,False,0,1.4189724
703,False,0,1.4191238,False,0,1.419027
704,False,0,1.4191238,False,0,1.419027
705,False,0,1.4192151,False,0,1.4191136
706,False,0,1.4186875,False,0,1.4185872
707,False,0,1.4187285,False,0,1.4186267
708,False,0,1.4186677,False,0,1.418564
709,False,0,1.4187242,False,0,1.4186239
710,False,0,1.0481676,False,0,1.0480857
711,False,0,1.4187597,False,0,1.41866
712,False,0,1.4188844,False,0,1.418785
713,False,0,1.4190623,False,0,1.4189564
714,False,0,1.4190006,False,0,1.4188936
715,False,0,1.4186503,False,0,1.4185466
716,False,0,1.4183961,False,0,1.4182831
717,False,0,1.4182217,False,0,1.4181235
718,False,0,1.4184003,False,0,1.4182962
719,False,0,1.4184356,False,0,1.4183288
720,False,0,1.4185748,False,0,1.4184716
721,False,0,1.4187151,False,0,1.4186151
722,False,0,1.4186144,False,0,1.4185151
723,False,0,1.4186124,False,0,1.4185036
724,False,0,1.4187686,False,0,1.4186658
725,False,0,1.4186075,False,0,1.4185028
726,False,0,1.0147943,False,0,1.0147465
727,False,0,1.0147127,False,0,1.0146649
728,False,0,1.0167489,False,0,1.0167036
729,False,0,1.0160611,False,0,1.0160161
730,False,0,1.0164751,False,0,1.0164292
731,False,0,1.0159143,False,0,1.0158691
732,False,0,1.0184906,False,0,1.0184463
733,False,0,1.0181602,False,0,1.0181159
734,False,0,1.0179887,False,0,1.0179448
735,False,0,1.017981,False,0,1.0179372
736,False,0,1.0177956,False,0,1.0177516
737,False,0,1.0174426,False,0,1.0173985
738,False,0,1.0176932,False,0,1.0176483
739,False,0,1.0171463,False,0,1.017102
740,False,0,1.0168642,False,0,1.016817
741,False,0,1.0168537,False,0,1.0168082
742,False,0,1.0167617,False,0,1.0167168
743,False,0,1.0168039,False,0,1.0167582
744,False,0,1.017073,False,0,1.017028
745,False,0,1.0165774,False,0,1.0165325
746,False,0,1.015798,False,0,1.0157517
747,False,0,1.0195227,False,0,1.0196787
748,False,0,1.0193422,False,0,1.019498
749,False,0,1.0199152,False,0,1.0200742
750,False,0,1.0186721,False,0,1.0188235
751,False,0,1.0207622,False,0,1.0209266
752,False,0,1.0211251,False,0,1.0212926
753,False,0,1.0214782,False,0,1.0216476
754,False,0,1.0215981,False,0,1.0217677
755,False,0,1.021589,False,0,1.0217583
756,False,0,1.0203161,False,0,1.0204766
757,False,0,1.0210897,False,0,1.021257
758,False,0,1.500095,False,0,1.5000318
759,False,0,1.0206861,False,0,1.0208496
760,False,0,1.4994323,False,0,1.4993702
761,False,0,1.4995607,False,0,1.4994988
762,False,0,1.0207922,False,0,1.0209564
763,False,0,1.4995607,False,0,1.4994988
764,False,0,1.4995362,False,0,1.4994745
765,False,0,1.4995362,False,0,1.4994745
766,False,0,1.0212713,False,0,1.0214393
767,False,0,1.4994555,False,0,1.4993936
768,False,0,1.4994637,False,0,1.499402
769,False,0,1.4992696,False,0,1.4992079
770,False,0,1.4994715,False,0,1.4994098
771,False,0,1.4995886,False,0,1.4995265
772,False,0,1.4995652,False,0,1.4995035
773,False,0,1.4993856,False,0,1.4993236
774,False,0,1.4995322,False,0,1.4994702
775,False,0,1.4994031,False,0,1.4993414
776,False,0,1.499284,False,0,1.4992223
777,False,0,1.4993924,False,0,1.4993304
778,False,0,1.499396,False,0,1.4993341
779,False,0,1.499396,False,0,1.4993341
780,False,0,1.4993201,False,0,1.4992588
781,False,0,1.4902694,False,0,1.490307
782,False,0,1.4907242,False,0,1.490771
783,False,0,1.4907298,False,0,1.4907767
784,False,0,1.4904647,False,0,1.4905113
785,False,0,1.4904127,False,0,1.4904501
786,False,0,1.4903041,False,0,1.4903624
787,False,0,1.4905273,False,0,1.4905853
788,False,0,1.4899682,False,0,1.4900173
789,False,0,1.4897497,False,0,1.4897985
790,False,0,1.4899783,False,0,1.490016
791,False,0,1.4906114,False,0,1.4906582
792,False,0,1.4898062,False,0,1.4898553
793,False,0,1.4907784,False,0,1.4908305
794,False,0,1.490567,False,0,1.4906138
795,False,0,1.4907223,False,0,1.4907745
796,False,0,1.4899299,False,0,1.489979
797,False,0,1.4899895,False,0,1.4900445
798,False,0,1.4901394,False,0,1.4901884
799,False,0,1.4898162,False,0,1.4898632
800,False,0,1.4899086,False,0,1.4899522
801,False,0,1.4899299,False,0,1.489979
802,False,0,1.4899557,False,0,1.4900141
803,False,0,1.4903622,False,0,1.4903998
804,False,0,1.490165,False,0,1.4902142
805,False,0,1.4903593,False,0,1.4904081
806,False,0,1.4897985,False,0,1.4898475
807,False,0,1.4905428,False,0,1.4905896
808,False,0,1.490667,False,0,1.4907081
809,False,0,1.4904993,False,0,1.4905459
810,False,0,1.4905354,False,0,1.4905819
811,False,0,1.4905335,False,0,1.4905798
812,False,0,1.4907056,False,0,1.4907525
813,False,0,1.4900951,False,0,1.4901443
814,False,0,1.489923,False,0,1.4899777
815,False,0,1.4900086,False,0,1.4900521
816,False,0,1.4898546,False,0,1.4898921
817,False,0,1.4899418,False,0,1.4899911
818,False,0,1.4898673,False,0,1.4899107
819,False,0,1.4900374,False,0,1.4900867
820,False,0,1.489914,False,0,1.4899722
821,False,0,1.4904183,False,0,1.4904559
822,False,0,1.4905273,False,0,1.4905853
823,False,0,1.4904131,False,0,1.490471
824,False,0,1.4903556,False,0,1.4904047
825,False,0,1.4899482,False,0,1.4899974
826,False,0,1.4899921,False,0,1.4900503
827,False,0,1.4900697,False,0,1.4901074
828,False,0,1.4900169,False,0,1.4900659
829,False,0,1.4899898,False,0,1.490039
830,False,0,1.3216343,False,0,1.3217275
831,False,0,1.3212597,False,0,1.3213519
832,False,0,1.32193,False,0,1.3220246
833,False,0,1.2390152,False,0,1.2390853
834,False,0,1.3219398,False,0,1.3220342
835,False,0,1.3221471,False,0,1.3222417
836,False,0,1.3220866,False,0,1.3221813
837,False,0,1.3219503,False,0,1.3220447
838,False,0,1.2377186,False,0,1.237773
839,False,0,1.3218411,False,0,1.3219352
840,False,0,1.3218411,False,0,1.3219352
841,False,0,1.3216592,False,0,1.3217527
842,False,0,1.2384865,False,0,1.2385496
843,False,0,1.3223252,False,0,1.3224211
844,False,0,1.2387648,False,0,1.2388313
845,False,0,1.3216758,False,0,1.3217692
846,False,0,1.3213868,False,0,1.3214794
847,False,0,1.3219774,False,0,1.3220719
848,False,0,1.2387847,False,0,1.2388515
849,False,0,1.3215079,False,0,1.3216007
850,False,0,1.3215079,False,0,1.3216007
851,False,0,1.2389734,False,0,1.2390432
852,False,0,1.3225679,False,0,1.3226641
853,False,0,1.3217472,False,0,1.3218411
854,False,0,1.3227133,False,0,1.3228097
855,False,0,1.2390434,False,0,1.239113
856,False,0,1.3218489,False,0,1.3219429
857,False,0,1.2384492,False,0,1.2385119
858,False,0,1.3224889,False,0,1.3225846
859,False,0,1.3215264,False,0,1.3216193
860,False,0,1.2389544,False,0,1.2390237
861,False,0,1.3212694,False,0,1.3213618
862,False,0,1.3211541,False,0,1.3212456
863,False,0,1.2393942,False,0,1.2394656
864,False,0,1.3213342,False,0,1.321426
865,False,0,1.3211659,False,0,1.3212575
866,False,0,1.3211659,False,0,1.3212575
867,False,0,1.3219905,False,0,1.322085
868,False,0,1.3220929,False,0,1.3221875
869,False,0,1.3218564,False,0,1.3219506
870,False,0,1.2386676,False,0,1.2387329
871,False,0,1.3218668,False,0,1.3219609
872,False,0,1.2394246,False,0,1.2394964
873,False,0,1.3218668,False,0,1.3219609
874,False,0,1.3221955,False,0,1.3222908
875,False,0,1.3219954,False,0,1.3220901
876,False,0,1.322752,False,0,1.3228489
877,False,0,1.3226793,False,0,1.3227757
878,False,0,1.3227884,False,0,1.3228853
879,False,0,1.3228842,False,0,1.3229812
880,False,0,1.3228649,False,0,1.3229618
881,False,0,1.3224484,False,0,1.3225443
882,False,0,1.3224268,False,0,1.3225226
883,False,0,1.3227348,False,0,1.3228314
884,False,0,1.322698,False,0,1.3227946
885,False,0,1.3228905,False,0,1.3229876
886,False,0,1.3228905,False,0,1.3229876
887,False,0,1.3229343,False,0,1.3230318
888,False,0,1.3226491,False,0,1.3227458
889,False,0,1.3228093,False,0,1.322906
890,False,0,1.321914,False,0,1.3220083
891,False,0,1.321739,False,0,1.3218327
892,False,0,1.3216085,False,0,1.3217014
893,False,0,1.3220947,False,0,1.3221893
894,False,0,1.322381,False,0,1.3224765
895,False,0,1.3225888,False,0,1.3226852
896,False,0,1.3229072,False,0,1.3230046
897,False,0,1.3140802,False,0,1.3139913
898,False,0,1.313642,False,0,1.3135535
899,False,0,1.3144946,False,0,1.3144221
900,False,0,1.3148988,False,0,1.3148264
901,False,0,1.3148544,False,0,1.3147823
902,False,0,1.3147768,False,0,1.3147045
903,False,0,1.3145208,False,0,1.3144485
904,False,0,1.3139011,False,0,1.3138124
905,False,0,1.3146363,False,0,1.3145642
906,False,0,1.3146136,False,0,1.3145411
907,False,0,1.3146129,False,0,1.3145405
908,False,0,1.3145401,False,0,1.3144679
909,False,0,1.3144946,False,0,1.3144221
910,False,0,1.3146157,False,0,1.3145432
911,False,0,1.3143775,False,0,1.314305
912,False,0,1.3144536,False,0,1.3143812
913,False,0,1.3143587,False,0,1.3142865
914,False,0,1.3144737,False,0,1.3144013
915,False,0,1.3143823,False,0,1.3143098
916,False,0,1.0522577,False,0,1.0524174
917,False,0,1.0536233,False,0,1.0537897
918,False,0,1.0526874,False,0,1.0528498
919,False,0,1.0522159,False,0,1.0523757
920,False,0,1.054304,False,0,1.0544745
921,False,0,1.0549704,False,0,1.0551454
922,False,0,1.0511823,False,0,1.0513384
923,False,0,1.0497017,False,0,1.0498537
924,False,0,1.0493456,False,0,1.0494975
925,False,0,1.0487106,False,0,1.0488584
926,False,0,1.048235,False,0,1.0483842
927,False,0,1.0498316,False,0,1.0499842
928,False,0,1.0520177,False,0,1.0521772
929,False,0,1.0500883,False,0,1.0502416
930,False,0,1.0494931,False,0,1.0496445
931,False,0,1.0491906,False,0,1.0493422
932,False,0,1.0482609,False,0,1.04841
933,False,0,1.0467182,False,0,1.0468732
934,False,0,1.9503069,False,0,1.9503856
935,False,0,1.950939,False,0,1.9510177
936,False,0,1.9506562,False,0,1.9507351
937,False,0,1.9504706,False,0,1.9505494
938,False,0,1.950557,False,0,1.9506358
939,False,0,1.9502977,False,0,1.9503765
940,False,0,1.9506339,False,0,1.9507127
941,False,0,1.138903,False,0,1.1389643
942,False,0,1.1397656,False,0,1.139827
943,False,0,1.1403302,False,0,1.1403935
944,False,0,1.1382527,False,0,1.1383163
945,False,0,1.1421652,False,0,1.1422287
946,False,0,1.1431186,False,0,1.1431816
947,False,0,1.1437889,False,0,1.1438512
948,False,0,1.1428125,False,0,1.1428753
949,False,0,1.1400822,False,0,1.1401424
950,False,0,1.141848,False,0,1.141912
951,False,0,1.1451886,False,0,1.1452495
952,False,0,1.1466751,False,0,1.1467351
953,False,0,1.1466968,False,0,1.1467566
954,False,0,1.1493444,False,0,1.1493999
955,False,0,1.3142326,False,0,1.3140726
956,False,0,1.314647,False,0,1.3144922
957,False,0,1.3146656,False,0,1.3145107
958,False,0,1.3150092,False,0,1.3148526
959,False,0,1.3144274,False,0,1.314268
960,False,0,1.3146003,False,0,1.3144369
961,False,0,1.3145349,False,0,1.314375
962,False,0,1.3146107,False,0,1.3144515
963,False,0,1.3146307,False,0,1.3144715
964,False,0,1.3145397,False,0,1.3143799
965,False,0,1.0198579,False,0,1.0200157
966,False,0,1.499377,False,0,1.4993151
967,False,0,1.4908859,False,0,1.4909323
968,False,0,1.4908859,False,0,1.4909323
969,False,0,1.4907271,False,0,1.4907739
970,False,0,1.4907749,False,0,1.4908042
971,False,0,1.4900521,False,0,1.4901012
972,False,0,1.4900466,False,0,1.4900956
973,False,0,1.4905214,False,0,1.4905682
974,False,0,1.4897841,False,0,1.489833
975,False,0,1.4896265,False,0,1.4896629
976,False,0,1.4900365,False,0,1.4900743
977,False,0,1.4897403,False,0,1.4897778
978,False,0,1.4904703,False,0,1.4905168
979,False,0,1.4903101,False,0,1.4903569
980,False,0,1.4904183,False,0,1.4904559
981,False,0,1.4903649,False,0,1.4904026
982,False,0,1.4907078,False,0,1.4907544
983,False,0,1.489991,False,0,1.4900459
984,False,0,1.490601,False,0,1.4906478
985,False,0,1.490272,False,0,1.4903187
986,False,0,1.4900826,False,0,1.4901317
987,False,0,1.489993,False,0,1.4900305
988,False,0,1.4899375,False,0,1.4899924
989,False,0,1.4897681,False,0,1.4898173
990,False,0,1.4903826,False,0,1.4904407
991,False,0,1.490596,False,0,1.4906428
992,False,0,1.4905941,False,0,1.4906408
993,False,0,1.4905119,False,0,1.4905583
994,False,0,1.4908688,False,0,1.4909269
995,False,0,1.4908762,False,0,1.4909227
996,False,0,1.4907979,False,0,1.4908562
997,False,0,1.4907053,False,0,1.4907635
998,False,0,1.4907639,False,0,1.4907933
999,False,0,1.4908186,False,0,1.490848
1000,False,0,1.4907137,False,0,1.4907718
1001,False,0,1.4905859,False,0,1.4906383
1002,False,0,1.3144703,False,0,1.3143978
1003,False,0,1.3148456,False,0,1.3147733
1004,False,0,1.3146974,False,0,1.314625
1005,False,0,1.3146234,False,0,1.3145509
1006,False,0,1.3146234,False,0,1.3145509
1007,False,0,1.3143705,False,0,1.3142982
1008,False,0,1.3145547,False,0,1.3144823
1009,False,0,1.3140776,False,0,1.3139886
1010,False,0,1.3148559,False,0,1.3147835
1011,False,0,1.3146412,False,0,1.3145688
1012,False,0,1.3147783,False,0,1.314706
1013,False,0,1.314863,False,0,1.3147905
1014,False,0,1.3149928,False,0,1.3149338
1015,False,0,1.3149351,False,0,1.3148763
1016,False,0,1.3148663,False,0,1.314794
1017,False,0,1.3147389,False,0,1.3146666
1018,False,0,1.3147472,False,0,1.3146749
1019,False,0,1.3148544,False,0,1.3147823
1020,False,0,1.3148944,False,0,1.3148354
1021,False,0,1.3147887,False,0,1.3147163
1022,False,0,1.314967,False,0,1.314908
1023,False,0,1.3141266,False,0,1.314038
1024,False,0,1.3143198,False,0,1.3142476
1025,False,0,1.3149517,False,0,1.3148928
1026,False,0,1.3149517,False,0,1.3148928
1027,False,0,1.3148718,False,0,1.3147997
1028,False,0,1.3149545,False,0,1.3148956
1029,False,0,1.3147444,False,0,1.314672
1030,False,0,1.3146281,False,0,1.314556
1031,False,0,1.3147243,False,0,1.314652
1032,False,0,1.314491,False,0,1.3144188
1033,False,0,1.0487838,False,0,1.048932
1034,False,0,1.950424,False,0,1.9505025
1035,False,0,1.9504899,False,0,1.9505684
1036,False,0,1.9501486,False,0,1.950215
1037,False,0,1.950462,False,0,1.9505409
1038,False,0,1.950494,False,0,1.9505726
1039,False,0,1.9505752,False,0,1.9506538
1040,False,0,1.9508532,False,0,1.950932
1041,False,0,1.9505002,False,0,1.9505789
1042,False,0,1.9506838,False,0,1.9507626
1043,False,0,1.9507663,False,0,1.9508451
1044,False,0,1.9508008,False,0,1.9508798
1045,False,0,1.9508321,False,0,1.9509113
1046,False,0,1.9504794,False,0,1.9505583
1047,False,0,1.950222,False,0,1.9502887
1048,False,0,1.3146273,False,0,1.314468
1049,False,0,1.315,False,0,1.3148435
1050,False,0,1.3148522,False,0,1.3146949
1051,False,0,1.3147755,False,0,1.3146209
1052,False,0,1.3146815,False,0,1.3145268
1053,False,0,1.314537,False,0,1.3143681
1054,False,0,1.314707,False,0,1.3145523
1055,False,0,1.315008,False,0,1.3148541
1056,False,0,1.3147935,False,0,1.3146389
1057,False,0,1.3147353,False,0,1.3145809
1058,False,0,1.3142616,False,0,1.3141018
1059,False,0,1.3150187,False,0,1.3148609
1060,False,0,1.3150187,False,0,1.3148609
1061,False,0,1.3151605,False,0,1.3150041
1062,False,0,1.315107,False,0,1.3149469
1063,False,0,1.3150208,False,0,1.3148644
1064,False,0,1.3148992,False,0,1.3147448
1065,False,0,1.3148555,False,0,1.3146944
1066,False,0,1.3150597,False,0,1.3149058
1067,False,0,1.3142731,False,0,1.3141079
1068,False,0,1.143673,False,0,1.1436937
1069,False,0,1.1433069,False,0,1.1433227
1070,False,0,1.1440188,False,0,1.1440445
1071,False,0,1.1421944,False,0,1.1421962
1072,False,0,1.1397004,False,0,1.1396766
1073,False,0,1.1416444,False,0,1.1416397
1074,False,0,1.1415229,False,0,1.1415168
1075,False,0,1.1447114,False,0,1.1447467
1076,False,0,1.1463112,False,0,1.1463704
1077,False,0,1.1441302,False,0,1.1441575
1078,False,0,1.2340503,False,0,1.2339047
1079,False,0,1.4999884,False,0,1.4999261
1080,False,0,1.4995292,False,0,1.4994674
1081,False,0,1.499718,False,0,1.4996557
1082,False,0,1.4995784,False,0,1.4995165
1083,False,0,1.4991103,False,0,1.4990488
1084,False,0,1.498809,False,0,1.4987481
1085,False,0,1.4991357,False,0,1.4990745
1086,False,0,1.4991999,False,0,1.499138
1087,False,0,1.4996756,False,0,1.499613
1088,False,0,1.4994838,False,0,1.4994222
1089,False,0,1.4994721,False,0,1.4994102
1090,False,0,1.4993949,False,0,1.4993327
1091,False,0,1.4992647,False,0,1.4992028
1092,False,0,1.49895,False,0,1.4988891
1093,False,0,1.498908,False,0,1.4988474
1094,False,0,1.4989543,False,0,1.4988933
1095,False,0,1.4988552,False,0,1.4987947
1096,False,0,1.4990516,False,0,1.4989904
1097,False,0,1.4996845,False,0,1.4996221
1098,False,0,1.499567,False,0,1.4995048
1099,False,0,1.4993931,False,0,1.4993314
1100,False,0,1.498911,False,0,1.4988503
1101,False,0,1.499129,False,0,1.4990677
1102,False,0,1.4987323,False,0,1.4986717
1103,False,0,1.4987451,False,0,1.4986844
1104,False,0,1.499071,False,0,1.4990098
1105,False,0,1.4992696,False,0,1.4992079
1106,False,0,1.4993584,False,0,1.4992964
1107,False,0,1.4995468,False,0,1.4994845
1108,False,0,1.4996698,False,0,1.4996074
1109,False,0,1.4997268,False,0,1.4996645
1110,False,0,1.499791,False,0,1.4997289
1111,False,0,1.4997883,False,0,1.4997259
1112,False,0,1.4998361,False,0,1.4997745
1113,False,0,1.4997799,False,0,1.4997172
1114,False,0,1.4999679,False,0,1.4999053
1115,False,0,1.4997504,False,0,1.4996884
1116,False,0,1.499525,False,0,1.4994631
1117,False,0,1.4905349,False,0,1.490593
1118,False,0,1.490572,False,0,1.4906187
1119,False,0,1.4906948,False,0,1.4907296
1120,False,0,1.4907649,False,0,1.4907993
1121,False,0,1.490872,False,0,1.4909186
1122,False,0,1.4904199,False,0,1.490478
1123,False,0,1.4903436,False,0,1.4903791
1124,False,0,1.4902722,False,0,1.4903097
1125,False,0,1.4900402,False,0,1.490095
1126,False,0,1.4909209,False,0,1.49095
1127,False,0,1.4906855,False,0,1.4907323
1128,False,0,1.4909751,False,0,1.4910045
1129,False,0,1.4909242,False,0,1.4909476
1130,False,0,1.4911207,False,0,1.49115
1131,False,0,1.3233256,False,0,1.3234239
1132,False,0,1.3234054,False,0,1.3235041
1133,False,0,1.323015,False,0,1.3231125
1134,False,0,1.3229175,False,0,1.3230147
1135,False,0,1.3230032,False,0,1.3231007
1136,False,0,1.3229051,False,0,1.323002
1137,False,0,1.323137,False,0,1.3232352
1138,False,0,1.3232031,False,0,1.3233012
1139,False,0,1.323151,False,0,1.3232492
1140,False,0,1.3230245,False,0,1.3231223
1141,False,0,1.3227994,False,0,1.3228964
1142,False,0,1.3229288,False,0,1.3230261
1143,False,0,1.3229059,False,0,1.323003
1144,False,0,1.322737,False,0,1.3228337
1145,False,0,1.3230404,False,0,1.3231381
1146,False,0,1.3229245,False,0,1.3230218
1147,False,0,1.3229301,False,0,1.3230273
1148,False,0,1.3227417,False,0,1.3228385
1149,False,0,1.322659,False,0,1.3227557
1150,False,0,1.322697,False,0,1.3227938
1151,False,0,1.3226557,False,0,1.3227518
1152,False,0,1.3229445,False,0,1.323042
1153,False,0,1.3228933,False,0,1.3229905
1154,False,0,1.323015,False,0,1.3231125
1155,False,0,1.3229225,False,0,1.3230197
1156,False,0,1.322666,False,0,1.3227624
1157,False,0,1.3225039,False,0,1.3226001
1158,False,0,1.3221532,False,0,1.3222481
1159,False,0,1.3225936,False,0,1.3226899
1160,False,0,1.3227811,False,0,1.3228773
1161,False,0,1.3229392,False,0,1.3230364
1162,False,0,1.3232142,False,0,1.3233126
1163,False,0,1.3231517,False,0,1.3232499
1164,False,0,1.3235742,False,0,1.3236737
1165,False,0,1.3231024,False,0,1.3232001
1166,False,0,1.3230747,False,0,1.3231722
1167,False,0,1.3232095,False,0,1.3233076
1168,False,0,1.3231219,False,0,1.32322
1169,False,0,1.3228335,False,0,1.3229305
1170,False,0,1.3226722,False,0,1.3227686
1171,False,0,1.3230386,False,0,1.3231359
1172,False,0,1.3231311,False,0,1.3232287
1173,False,0,1.3232261,False,0,1.3233243
1174,False,0,1.3231192,False,0,1.3232172
1175,False,0,1.3234159,False,0,1.3235147
1176,False,0,1.3231936,False,0,1.3232915
1177,False,0,1.3233093,False,0,1.323408
1178,False,0,1.3234048,False,0,1.3235034
1179,False,0,1.3233149,False,0,1.3234134
1180,False,0,1.3237231,False,0,1.3238231
1181,False,0,1.3232255,False,0,1.3233237
1182,False,0,1.3154767,False,0,1.3154175
1183,False,0,1.315797,False,0,1.3157486
1184,False,0,1.9519893,False,0,1.9519908
1185,False,0,1.9525334,False,0,1.9525348
1186,False,0,1.9525831,False,0,1.9525847
1187,False,0,1.9524355,False,0,1.9524369
1188,False,0,1.9523941,False,0,1.9523956
1189,False,0,1.9514482,False,0,1.9515343
1190,False,0,1.950913,False,0,1.9509915
1191,False,0,1.4278505,False,0,1.4278438
1192,False,0,1.4287175,False,0,1.4287165
1193,False,0,1.4283285,False,0,1.4283248
1194,False,0,1.4283249,False,0,1.4283212
1195,False,0,1.4281808,False,0,1.4281762
1196,False,0,1.428307,False,0,1.4283032
1197,False,0,1.4281414,False,0,1.4281365
1198,False,0,1.428135,False,0,1.4281299
1199,False,0,1.4280417,False,0,1.428036
1200,False,0,1.4283249,False,0,1.4283212
1201,False,0,1.4281297,False,0,1.4281247
1202,False,0,1.4283873,False,0,1.4283841
1203,False,0,1.4282236,False,0,1.4282196
1204,False,0,1.4281704,False,0,1.4281659
1205,False,0,1.4283345,False,0,1.428331
1206,False,0,1.4283491,False,0,1.4283457
1207,False,0,1.4282792,False,0,1.4282752
1208,False,0,1.4282336,False,0,1.4282292
1209,False,0,1.4281808,False,0,1.4281762
1210,False,0,1.4282018,False,0,1.4281975
1211,False,0,1.4279945,False,0,1.4279888
1212,False,0,1.4279184,False,0,1.4279122
1213,False,0,1.428185,False,0,1.4281803
1214,False,0,2.1918182,False,0,2.1753333
1215,False,0,2.1912982,False,0,2.1748042
1216,False,0,2.1918445,False,0,2.1753602
1217,False,0,2.1921701,False,0,2.1756902
1218,False,0,2.1926355,False,0,2.176162
1219,False,0,2.1924956,False,0,2.1760206
1220,False,0,2.1913867,False,0,2.1748943
1221,False,0,2.1910977,False,0,2.1746016
1222,False,0,2.191044,False,0,2.1745467
1223,False,0,2.1917007,False,0,2.175214
1224,False,0,1.952586,False,0,1.9525874
1225,False,0,1.9516305,False,0,1.9516319
1226,False,0,1.9516978,False,0,1.9516994
1227,False,0,1.9518641,False,0,1.9518654
1228,False,0,1.9524854,False,0,1.9524871
1229,False,0,1.9527751,False,0,1.9527767
1230,False,0,1.9527681,False,0,1.9527698
1231,False,0,1.9527259,False,0,1.9527274
1232,False,0,1.9526356,False,0,1.9526373
1233,False,0,1.9519243,False,0,1.9519258
1234,False,0,1.9516362,False,0,1.9516375
1235,False,0,1.9515854,False,0,1.9515872
1236,False,0,1.951388,False,0,1.9513896
1237,False,0,1.9516962,False,0,1.9516978
1238,False,0,1.9517441,False,0,1.9517455
1239,False,0,1.951798,False,0,1.9517995
1240,False,0,1.952062,False,0,1.9520636
1241,False,0,1.9521964,False,0,1.952198
1242,False,0,1.9521238,False,0,1.9521253
1243,False,0,1.952406,False,0,1.9524072
1244,False,0,1.9524088,False,0,1.9524101
1245,False,0,1.9526088,False,0,1.9526103
1246,False,0,1.9520613,False,0,1.9520628
1247,False,0,1.951801,False,0,1.9518023
1248,False,0,1.9518375,False,0,1.9518392
1249,False,0,1.9515918,False,0,1.9515933
1250,False,0,1.9516382,False,0,1.9516397
1251,False,0,1.9516588,False,0,1.9516603
1252,False,0,1.9517605,False,0,1.9517623
1253,False,0,1.952049,False,0,1.9520506
1254,False,0,1.9521282,False,0,1.9521295
1255,False,0,1.9516417,False,0,1.9516432
1256,False,0,1.9513193,False,0,1.9513208
1257,False,0,1.9511755,False,0,1.9511769
1258,False,0,1.9513544,False,0,1.9513555
1259,False,0,1.9516417,False,0,1.9516432
1260,False,0,1.952606,False,0,1.9525992
1261,False,0,1.9516333,False,0,1.9516265
1262,False,0,1.951681,False,0,1.9516742
1263,False,0,1.9518304,False,0,1.9518234
1264,False,0,1.9524639,False,0,1.9524572
1265,False,0,1.9527589,False,0,1.9527525
1266,False,0,1.9527513,False,0,1.9527447
1267,False,0,1.9526162,False,0,1.9526099
1268,False,0,1.9519085,False,0,1.9519018
1269,False,0,1.9516207,False,0,1.9516143
1270,False,0,1.9515843,False,0,1.9515774
1271,False,0,1.951393,False,0,1.9513862
1272,False,0,1.9516969,False,0,1.9516904
1273,False,0,1.95163,False,0,1.9516234
1274,False,0,1.9517969,False,0,1.9517902
1275,False,0,1.952059,False,0,1.9520527
1276,False,0,1.9524136,False,0,1.9524065
1277,False,0,1.9527603,False,0,1.952754
1278,False,0,1.952622,False,0,1.9526153
1279,False,0,1.9520365,False,0,1.95203
1280,False,0,1.9517748,False,0,1.951768
1281,False,0,1.9518,False,0,1.9517933
1282,False,0,1.9515362,False,0,1.9515295
1283,False,0,1.9515854,False,0,1.951579
1284,False,0,1.9516313,False,0,1.9516245
1285,False,0,1.9517351,False,0,1.9517285
1286,False,0,1.952101,False,0,1.9520943
1287,False,0,1.9516158,False,0,1.9516095
1288,False,0,1.9512918,False,0,1.9512852
1289,False,0,1.9511546,False,0,1.9511478
1290,False,0,1.9513392,False,0,1.9513328
1291,False,0,1.0484177,False,0,1.0483543
1292,False,0,1.0510877,False,0,1.0510579
1293,False,0,1.0498922,False,0,1.0498459
1294,False,0,1.0497792,False,0,1.0497315
1295,False,0,1.050592,False,0,1.050555
1296,False,0,1.0501654,False,0,1.0501226
1297,False,0,1.0505906,False,0,1.0505538
1298,False,0,1.0482383,False,0,1.0481732
1299,False,0,1.0475377,False,0,1.0474662
1300,False,0,1.0469946,False,0,1.0469189
1301,False,0,1.0469205,False,0,1.046844
1302,False,0,1.0458516,False,0,1.045769
1303,False,0,1.0459994,False,0,1.0459177
1304,False,0,1.0459709,False,0,1.0458891
1305,False,0,1.0469406,False,0,1.0468647
1306,False,0,1.0479156,False,0,1.0478475
1307,False,0,1.052311,False,0,1.0523
1308,False,0,1.0540596,False,0,1.0540782
1309,False,0,1.0544635,False,0,1.0544891
1310,False,0,1.053146,False,0,1.0531485
1311,False,0,1.0538018,False,0,1.053816
1312,False,0,1.0547302,False,0,1.0547602
1313,False,0,1.0539124,False,0,1.0539284
1314,False,0,1.0533949,False,0,1.0534023
1315,False,0,1.05291,False,0,1.0529088
1316,False,0,1.0544465,False,0,1.0544716
1317,False,0,1.054126,False,0,1.0541458
1318,False,0,1.0543289,False,0,1.0543519
1319,False,0,1.054839,False,0,1.054871
1320,False,0,1.0541309,False,0,1.0541507
