sourceDepth,recDepth,recRange,simGvel,txNode,rxNode,owtt
90,30,2148.43969995104,1438.42950533651,East,North,1.49479
90,30,2148.43055631598,1438.43037622293,East,North,1.49481
90,30,2148.20590335551,1438.43003822504,East,North,1.49481
20,30,NaN,NaN,Camp,North,1.14127
90,30,2149.2405979447,1438.43497886422,East,North,1.49481
90,30,2149.5837226537,1438.43616538168,East,North,1.4948
90,30,2149.53781389754,1438.4361505067,East,North,1.49481
90,30,2149.45439466093,1438.43580009356,East,North,1.49483
90,30,2149.0341506269,1438.43473267547,East,North,1.49483
90,30,2148.7340456403,1438.43422720411,East,North,1.49482
90,30,2148.84177758104,1438.43396858737,East,North,1.49484
90,30,2148.91551874834,1438.43374019469,East,North,1.49482
90,30,2149.02404859611,1438.43392335177,East,North,1.49484
90,30,2149.25913153462,1438.43336496138,East,North,1.49481
90,30,2149.37177553165,1438.43403320011,East,North,1.49483
90,30,2149.0131820032,1438.43428488408,East,North,1.49481
90,30,2149.0296115676,1438.43449000413,East,North,1.49482
90,30,2149.62018586507,1438.43825211225,East,North,1.49482
90,30,2148.89135723327,1438.43211892165,East,North,1.49482
90,30,2149.97465248642,1438.43626574595,East,North,1.49485
20,30,NaN,NaN,Camp,North,1.14131
90,30,2150.22703571572,1438.43728291205,East,North,1.49484
90,30,2149.99164537918,1438.43691954603,East,North,1.49486
20,30,NaN,NaN,Camp,North,1.14129
90,30,2150.07106305809,1438.43743955188,East,North,1.49487
20,30,NaN,NaN,Camp,North,1.14128
90,30,2149.64219060314,1438.43608309431,East,North,1.49489
90,30,2149.70495369639,1438.43660694219,East,North,1.49487
20,30,NaN,NaN,Camp,North,1.14129
90,30,2150.35374465833,1438.43818726372,East,North,1.49488
90,30,2149.70177102513,1438.4358067497,East,North,1.49489
90,30,2147.90754558151,1438.42826835868,East,North,1.4949
20,30,NaN,NaN,Camp,North,1.14124
90,30,2148.09722073209,1438.42902710581,East,North,1.49491
90,30,2148.23020930842,1438.43024969658,East,North,1.49494
90,30,2148.35731911718,1438.42978577933,East,North,1.49489
20,30,NaN,NaN,Camp,North,1.14126
90,30,2148.23071150151,1438.42993415039,East,North,1.49492
90,30,2148.56895652448,1438.43074991876,East,North,1.49498
90,30,2148.48139638639,1438.43089612643,East,North,1.49496
90,30,2149.57253275374,1438.43654426039,East,North,1.49498
90,30,2150.43894462775,1438.43753713982,East,North,1.49497
90,30,2150.52961617612,1438.43651399416,East,North,1.495
20,30,NaN,NaN,Camp,North,1.14128
90,30,2149.62783103442,1438.43710778702,East,North,1.495
90,30,2149.47980371495,1438.43722726936,East,North,1.49503
90,30,2149.88062411737,1438.43579393957,East,North,1.49502
90,30,2150.3778747081,1438.43750563125,East,North,1.49506
90,30,2150.08590440354,1438.43567108329,East,North,1.4951
90,30,2149.41938298626,1438.43310131196,East,North,1.49506
90,30,2149.07211657005,1438.43114545504,East,North,1.50129
90,90,2149.34451902824,1438.43453554822,East,North,1.49509
90,90,2149.30410259774,1434.69792420547,East,North,1.49509
90,90,2149.35503189676,1434.69698607061,East,North,1.49509
90,90,2149.40852313871,1434.69607061889,East,North,1.4951
90,90,2150.14451588733,1434.70118761743,East,North,1.49512
90,90,2150.16929751139,1434.70188210715,East,North,1.49512
90,90,2150.06467600117,1434.70215052326,East,North,1.49512
90,90,2150.73927401176,1434.70590863758,East,North,1.49513
90,90,2149.93654838956,1434.70223279014,East,North,1.49514
90,90,2150.08369395183,1434.70245850421,East,North,1.49512
90,90,2150.3960683465,1434.70252206802,East,North,1.48952
90,90,2148.90800993588,1434.69526034992,East,North,1.48956
90,90,2148.72360087938,1434.69503194341,East,North,1.4895
90,90,2149.12365045683,1434.6958069143,East,North,1.49509
90,90,2149.07952919268,1434.6954416047,East,North,1.49511
90,90,2149.09202069655,1434.6954877873,East,North,1.49515
20,90,NaN,NaN,Camp,North,1.13955
90,90,2149.72498046779,1434.6991262771,East,North,1.49516
20,90,NaN,NaN,Camp,North,1.13958
90,90,2149.18196760531,1434.69728486434,East,North,1.49514
20,90,NaN,NaN,Camp,North,1.13955
90,90,2149.8414686402,1434.70026636747,East,North,1.49511
20,90,NaN,NaN,Camp,North,1.13957
90,90,2149.1101802806,1434.69798571611,East,North,1.49514
20,90,NaN,NaN,Camp,North,1.13959
90,90,2149.16459108892,1434.69958655137,East,North,1.4951
20,90,NaN,NaN,Camp,North,1.13954
90,90,2149.77544480733,1434.70142587439,East,North,1.49511
20,90,NaN,NaN,Camp,North,1.13946
90,90,2149.81147321862,1434.7007391124,East,North,1.49511
90,90,2149.7830117045,1434.70210255316,East,North,1.49511
90,90,2149.4346844952,1434.70008653581,East,North,1.49513
90,90,2149.82429237758,1434.70230623394,East,North,1.49514
90,90,2149.66454010321,1434.70113214879,East,North,1.49515
90,90,2149.80236263023,1434.69959759686,East,North,1.49524
90,90,2149.97978393472,1434.70055448906,East,North,1.49529
90,90,2149.85103748585,1434.69935855257,East,North,1.49527
90,90,2149.7566396251,1434.69896917081,East,North,1.49524
90,90,2148.4926551967,1434.69447840584,East,North,1.49524
20,30,NaN,NaN,Camp,West,1.2423
20,30,NaN,NaN,Camp,West,1.24103
20,30,NaN,NaN,Camp,West,1.24229
20,30,NaN,NaN,Camp,West,1.2423
20,30,NaN,NaN,Camp,West,1.24231
20,30,NaN,NaN,Camp,West,1.24231
20,30,NaN,NaN,Camp,West,1.24223
20,30,NaN,NaN,Camp,West,1.24222
20,30,NaN,NaN,Camp,West,1.24222
20,30,NaN,NaN,Camp,West,1.24085
20,30,NaN,NaN,Camp,West,1.2421
20,30,NaN,NaN,Camp,West,1.24083
20,30,NaN,NaN,Camp,West,1.24083
20,30,NaN,NaN,Camp,West,1.24082
20,30,NaN,NaN,Camp,West,1.24081
20,30,NaN,NaN,Camp,West,1.24079
20,30,NaN,NaN,Camp,West,1.24079
20,30,NaN,NaN,Camp,West,1.24078
20,30,NaN,NaN,Camp,West,1.24084
20,30,NaN,NaN,Camp,West,1.24088
20,30,NaN,NaN,Camp,West,1.24082
20,30,NaN,NaN,Camp,West,1.24086
20,30,NaN,NaN,Camp,West,1.24084
20,30,NaN,NaN,Camp,West,1.24085
20,30,NaN,NaN,Camp,West,1.24089
90,90,3162.23372505253,1438.60141401928,East,West,2.20279
20,90,NaN,NaN,Camp,West,1.24338
20,90,NaN,NaN,Camp,West,1.24341
20,90,NaN,NaN,Camp,West,1.24344
20,90,NaN,NaN,Camp,West,1.24337
20,90,NaN,NaN,Camp,West,1.23643
20,30,NaN,NaN,Camp,South,1.05636
20,30,NaN,NaN,Camp,South,1.05694
20,30,NaN,NaN,Camp,South,1.05687
20,30,NaN,NaN,Camp,South,1.05686
20,30,NaN,NaN,Camp,South,1.0566
20,30,NaN,NaN,Camp,South,1.05645
90,30,2047.05879840405,1443.7961152362,East,South,1.42898
20,30,NaN,NaN,Camp,South,1.05647
90,30,2046.95369262577,1443.7966749699,East,South,1.42895
20,30,NaN,NaN,Camp,South,1.05644
90,30,2047.10890116851,1443.79832052649,East,South,1.42902
90,30,2047.2748791559,1443.79814921436,East,South,1.429
20,30,NaN,NaN,Camp,South,1.05638
90,30,2046.99097653308,1443.79608735166,East,South,1.42908
20,30,NaN,NaN,Camp,South,1.05635
90,30,2047.59022748032,1443.79840992812,East,South,1.42904
20,30,NaN,NaN,Camp,South,1.05639
90,30,2047.37383810807,1443.79488420131,East,South,1.42908
20,30,NaN,NaN,Camp,South,1.0563
90,30,2047.24828668588,1443.79497357,East,South,1.42904
20,30,NaN,NaN,Camp,South,1.05629
90,30,2046.27803811126,1443.79071646705,East,South,1.42901
20,30,NaN,NaN,Camp,South,1.05675
20,30,NaN,NaN,Camp,South,1.05673
20,30,NaN,NaN,Camp,South,1.05673
20,30,NaN,NaN,Camp,South,1.05606
90,30,2048.07514785145,1443.79699780028,East,South,1.42898
20,30,NaN,NaN,Camp,South,1.05684
90,30,2047.58159159018,1443.7950285324,East,South,1.42902
20,30,NaN,NaN,Camp,South,1.05671
90,30,2046.77662230597,1443.79202019211,East,South,1.4291
20,30,NaN,NaN,Camp,South,1.05661
90,30,2046.59239572165,1443.79338792679,East,South,1.42907
20,30,NaN,NaN,Camp,South,1.05645
90,30,2047.36520794118,1443.79684113842,East,South,1.42905
20,30,NaN,NaN,Camp,South,1.05653
90,30,2047.15725720064,1443.79630563882,East,South,1.42911
90,30,2046.6704903858,1443.79323529183,East,South,1.42913
20,30,NaN,NaN,Camp,South,1.0566
90,30,2047.42217791723,1443.79688318992,East,South,1.42914
20,30,NaN,NaN,Camp,South,1.05659
90,30,2046.319108861,1443.79355887174,East,South,1.42912
20,30,NaN,NaN,Camp,South,1.05659
90,30,2046.47902036143,1443.79430404973,East,South,1.42919
90,30,2046.4967836687,1443.79441066496,East,South,1.42915
20,30,NaN,NaN,Camp,South,1.05673
90,30,2046.42797124524,1443.79450198654,East,South,1.42912
90,30,2046.16125933629,1443.79432833024,East,South,1.42905
90,30,2046.10009941578,1443.79369619253,East,South,1.42902
90,30,2046.852231707,1443.7970209219,East,South,1.42901
90,30,2046.80331182045,1443.79629234691,East,South,1.42905
20,30,NaN,NaN,Camp,South,1.05665
90,30,2046.96907700909,1443.79754440711,East,South,1.42903
20,30,NaN,NaN,Camp,South,1.05668
90,30,2046.94169338228,1443.79727933962,East,South,1.42898
20,30,NaN,NaN,Camp,South,1.05666
90,30,2046.51368615648,1443.79597815369,East,South,1.42904
20,30,NaN,NaN,Camp,South,1.05665
90,30,2047.02460908809,1443.79861296145,East,South,1.42901
20,30,NaN,NaN,Camp,South,1.05664
90,30,2046.28152206958,1443.79516835046,East,South,1.42906
90,30,2045.98899147911,1443.79462771393,East,South,1.42903
90,90,2045.68206253169,1443.79343146497,East,South,1.41808
90,90,2046.37086420247,1449.51028713934,East,South,1.41803
90,90,2046.51460241479,1449.50969509219,East,South,1.41798
90,90,2046.80992200362,1449.50899991881,East,South,1.42395
90,90,2046.914376558,1449.50936606217,East,South,1.41801
90,90,2046.48633732884,1449.50834686342,East,South,1.41798
90,90,2046.45213778525,1449.50700819055,East,South,1.41803
90,90,2046.44823401105,1449.50703380867,East,South,1.41799
90,90,2046.01924978046,1449.50636144166,East,South,1.41796
90,90,2046.55393770808,1449.50622506867,East,South,1.41794
90,90,2046.75115118095,1449.50489020136,East,South,1.41796
90,90,2046.84688853614,1449.50423150266,East,South,1.41804
90,90,2046.48803450986,1449.50438738174,East,South,1.41806
90,90,2046.4419195761,1449.50540695447,East,South,1.41808
90,90,2046.43763816161,1449.50571992931,East,South,1.41813
90,90,2046.39544982193,1449.50604922509,East,South,1.41805
90,90,2046.46369447962,1449.50581647087,East,South,1.41804
90,90,2046.01791622489,1449.50484929326,East,South,1.41799
90,90,2045.99340404775,1449.50527108371,East,South,1.41801
90,90,2046.73722808136,1449.50666633897,East,South,1.41801
90,90,2045.99185104185,1449.50586724163,East,South,1.41798
90,90,2046.29513509008,1449.50562040007,East,South,1.41791
90,90,2047.17221680736,1449.50652668558,East,South,1.42385
90,90,2047.134452711,1449.50648733508,East,South,1.41782
90,90,2046.94379540986,1449.50691743173,East,South,1.41778
90,90,2045.85350055108,1449.50596312932,East,South,1.41783
90,90,2046.3357313309,1449.50809556693,East,South,1.41779
90,90,2046.38965621843,1449.5083245224,East,South,1.41775
90,90,2046.13263349473,1449.50874088977,East,South,1.4176
90,90,2046.15774300125,1449.50837468338,East,South,1.41748
90,90,2046.12474188268,1449.50876066871,East,South,1.41732
90,90,2046.16479404154,1449.50966473725,East,South,1.41727
90,90,2046.95765653687,1449.51013205727,East,South,1.41722
20,90,1463.46386403399,1442.03971231233,Camp,East,1.0189
20,90,1463.33012462854,1442.03352917224,Camp,East,1.01885
20,90,1462.83025932276,1442.03309991938,Camp,East,1.01886
20,90,1462.40026703903,1442.06363684668,Camp,East,1.01893
20,90,1462.83249120809,1442.03601758163,Camp,East,1.01898
20,90,1462.75057362353,1442.03451400865,Camp,East,1.01897
20,90,1463.45466091151,1442.03172336128,Camp,East,1.01897
20,90,1462.62286364423,1442.05986669408,Camp,East,1.01904
20,90,1461.74737356369,1442.04418416965,Camp,East,1.01901
20,90,1461.64599382321,1441.99706670172,Camp,East,1.019
20,90,1462.08635364015,1442.04789501465,Camp,East,1.019
20,90,1460.49263372689,1442.04362837879,Camp,East,1.01898
20,90,1461.02738411034,1442.05577686434,Camp,East,1.01894
20,90,1461.30390045892,1442.05571081505,Camp,East,1.019
20,90,1460.88803714746,1442.04100692247,Camp,East,1.01959
20,90,1461.58506001217,1442.05196809526,Camp,East,1.01961
20,90,1461.54116386578,1442.05410160691,Camp,East,1.01906
20,90,1461.23193092967,1442.04744002195,Camp,East,1.01906
20,90,1460.8789315521,1442.01538988256,Camp,East,1.01913
20,90,1460.50708668926,1441.98693532895,Camp,East,1.01913
20,90,1461.71227929715,1442.01447258182,Camp,East,1.01902
20,90,1462.08532916873,1442.00907337599,Camp,East,1.01898
20,90,1463.35379662401,1442.01248178481,Camp,East,1.01904
20,90,1463.75291216336,1442.05535076709,Camp,East,1.01901
20,90,1464.54014775362,1442.0097772016,Camp,East,1.01899
20,90,1462.12477443216,1442.09247781797,Camp,East,1.01903
20,90,1461.80857350848,1442.04392934258,Camp,East,1.01903
20,90,1462.03746049711,1442.02363498738,Camp,East,1.01904
20,90,1461.62342775959,1442.03065411011,Camp,East,1.01902
20,90,1462.7367635246,1442.04157012239,Camp,East,1.01701
20,90,1463.08735418134,1442.04576528277,Camp,East,1.01762
20,90,1464.43707912637,1442.06237509554,Camp,East,1.01691
20,90,1464.99396214112,1442.02703711011,Camp,East,1.01687
20,90,1466.43471148907,1442.04754896581,Camp,East,1.01678
90,30,2149.16697836774,1444.74652247154,East,North,1.50134
90,30,2149.10478362862,1444.74697538498,East,North,1.5014
90,30,2150.14256159599,1444.74423861298,East,North,1.50134
90,30,2150.0958834216,1444.74455327735,East,North,1.50137
90,30,2149.72759204798,1444.74636060109,East,North,1.50144
90,30,2149.85307650365,1444.74565843,East,North,1.50178
90,30,2149.53005320543,1444.74790232227,East,North,1.50179
20,30,NaN,NaN,Camp,North,1.14131
20,30,NaN,NaN,Camp,North,1.14122
20,30,NaN,NaN,Camp,North,1.1412
20,30,NaN,NaN,Camp,North,1.14124
90,30,2147.86997181408,1444.7521393752,East,North,1.50201
90,30,2148.81395238636,1444.75056549829,East,North,1.50195
20,30,NaN,NaN,Camp,North,1.14124
90,30,2149.33787674544,1444.74573277698,East,North,1.50178
90,30,2149.51876050701,1444.74466966595,East,North,1.50172
20,30,NaN,NaN,Camp,North,1.14121
90,30,2149.0181605384,1444.74609217546,East,North,1.50172
90,30,2149.11931129466,1444.74669211138,East,North,1.50174
90,30,2149.29931595523,1444.74658865485,East,North,1.50158
90,30,2149.51878770166,1444.74506491003,East,North,1.50154
20,30,NaN,NaN,Camp,North,1.1412
90,90,2148.82980175117,1444.74762332073,East,North,1.4894
90,90,2148.79548046033,1442.34907638533,East,North,1.48941
90,90,2148.43974618459,1442.35097306905,East,North,1.48942
90,90,2148.52274306507,1442.35067205183,East,North,1.48945
90,90,2149.95534011444,1442.34758949583,East,North,1.48938
90,90,2149.9486228317,1442.34735653121,East,North,1.48938
90,90,2148.92597860203,1442.34795650837,East,North,1.48937
90,90,2148.97401451157,1442.34709334705,East,North,1.48939
90,90,2149.22935329767,1442.34504407563,East,North,1.4894
90,90,2149.69628561125,1442.3438383549,East,North,1.48941
90,90,2149.57363504625,1442.34414272496,East,North,1.49513
90,90,2149.39814413528,1442.34499186617,East,North,1.49517
90,90,2149.54709053218,1442.34642050308,East,North,1.49519
90,90,2149.76781269803,1442.34652879469,East,North,1.49519
90,90,2149.54378371819,1442.34760900165,East,North,1.49521
90,90,2149.54120597034,1442.34774944415,East,North,1.49523
90,90,2149.60521944321,1442.34719153139,East,North,1.49524
90,90,2149.52386342927,1442.34769330139,East,North,1.49522
90,90,2149.46612417643,1442.34890725223,East,North,1.49524
90,90,2149.17151930664,1442.35001912083,East,North,1.49522
90,90,2149.37272083375,1442.3486938985,East,North,1.49522
90,90,2149.54739081212,1442.3472118764,East,North,1.49517
90,90,2149.62768107649,1442.34612320655,East,North,1.49515
90,90,2149.57970658916,1442.34694210054,East,North,1.48933
90,90,2149.43590939632,1442.34677625956,East,North,1.49512
90,90,2149.23057975042,1442.34742642884,East,North,1.49515
90,90,2149.05234435889,1442.34847139055,East,North,1.48938
90,90,2148.9845893564,1442.34856365161,East,North,1.4894
90,90,2148.71723677495,1442.34781222732,East,North,1.4894
90,90,2149.04907531613,1442.34576332605,East,North,1.48941
90,90,2149.09951283682,1442.34608239851,East,North,1.49518
90,90,2148.90424151532,1442.34771281244,East,North,1.49516
90,90,2148.74503737005,1442.34843746949,East,North,1.48938
90,90,2149.83012883228,1442.34694807048,East,North,1.48936
90,90,2149.42558900584,1442.34642016405,East,North,1.49516
90,90,2149.41028835484,1442.34611210777,East,North,1.48938
90,90,2149.13741192616,1442.34659549261,East,North,1.48938
90,90,2149.05344002842,1442.34655657002,East,North,1.49513
90,90,2148.745786997,1442.34869090923,East,North,1.49514
90,90,2148.57256372939,1442.35049404136,East,North,1.48932
90,90,2148.65688251395,1442.35033891571,East,North,1.48933
90,90,2148.6229999289,1442.34980338941,East,North,1.49517
90,90,2148.37402415099,1442.35092635101,East,North,1.48911
90,90,2149.16563124672,1442.35098938543,East,North,1.48911
90,90,2149.23638057122,1442.35092116798,East,North,1.48913
90,90,2148.38767556638,1442.35131268146,East,North,1.48904
90,90,2149.58478078707,1442.34820037813,East,North,1.48899
90,90,2148.68538067489,1442.34869158723,East,North,1.48898
90,90,2149.23519710138,1442.34821655851,East,North,1.48897
90,90,2149.21929986218,1442.34759652504,East,North,1.48895
90,90,2149.22457230547,1442.34789499224,East,North,1.48895
90,90,2148.57955448079,1442.34732124788,East,North,1.48896
90,90,2148.73908316398,1442.34665342265,East,North,1.48897
90,90,2149.75890978765,1442.34467674585,East,North,1.48897
90,90,2148.8285899631,1442.34519726048,East,North,1.48897
20,30,NaN,NaN,Camp,West,1.24077
20,30,NaN,NaN,Camp,West,1.24078
20,30,NaN,NaN,Camp,West,1.24076
20,30,NaN,NaN,Camp,West,1.24074
20,30,NaN,NaN,Camp,West,1.24075
20,30,NaN,NaN,Camp,West,1.24078
20,30,NaN,NaN,Camp,West,1.24076
20,30,NaN,NaN,Camp,West,1.24077
20,30,NaN,NaN,Camp,West,1.24074
20,30,NaN,NaN,Camp,West,1.24075
20,30,NaN,NaN,Camp,West,1.24204
20,30,NaN,NaN,Camp,West,1.24205
20,30,NaN,NaN,Camp,West,1.24204
20,30,NaN,NaN,Camp,West,1.24203
20,30,NaN,NaN,Camp,West,1.24206
20,30,NaN,NaN,Camp,West,1.24211
20,30,NaN,NaN,Camp,West,1.2421
20,30,NaN,NaN,Camp,West,1.24212
20,30,NaN,NaN,Camp,West,1.2421
20,30,NaN,NaN,Camp,West,1.24213
20,30,NaN,NaN,Camp,West,1.24214
20,90,NaN,NaN,Camp,West,1.24338
20,90,NaN,NaN,Camp,West,1.24332
20,90,NaN,NaN,Camp,West,1.24331
20,90,NaN,NaN,Camp,West,1.24333
20,30,NaN,NaN,Camp,South,1.05675
20,30,NaN,NaN,Camp,South,1.05676
20,30,NaN,NaN,Camp,South,1.05666
20,30,NaN,NaN,Camp,South,1.05664
20,30,NaN,NaN,Camp,South,1.05663
20,30,NaN,NaN,Camp,South,1.05663
20,30,NaN,NaN,Camp,South,1.0566
90,30,2047.46432126331,1444.3849168161,East,South,1.42845
20,30,NaN,NaN,Camp,South,1.05682
90,30,2047.08738798006,1444.38734635273,East,South,1.4285
90,30,2046.54084460568,1444.39045347095,East,South,1.42845
20,30,NaN,NaN,Camp,South,1.05681
90,30,2046.47471020908,1444.39149263133,East,South,1.42842
90,30,2047.72468853219,1444.3887907767,East,South,1.42839
20,30,NaN,NaN,Camp,South,1.05678
90,30,2046.60745320883,1444.39253544085,East,South,1.4284
20,30,NaN,NaN,Camp,South,1.05681
90,30,2047.665775525,1444.38980252461,East,South,1.42838
20,30,NaN,NaN,Camp,South,1.05681
90,30,2046.76034218519,1444.39419185639,East,South,1.4284
20,30,NaN,NaN,Camp,South,1.05682
90,30,2047.22544886798,1444.39212833128,East,South,1.42836
20,30,NaN,NaN,Camp,South,1.0568
90,30,2046.45664254732,1444.39357918787,East,South,1.42836
20,30,NaN,NaN,Camp,South,1.05682
90,30,2046.57787627556,1444.39155384767,East,South,1.42832
90,30,2046.59493668412,1444.3896708434,East,South,1.42833
20,30,NaN,NaN,Camp,South,1.05656
90,30,2046.34004911739,1444.39073716384,East,South,1.4283
20,30,NaN,NaN,Camp,South,1.05661
90,30,2046.15362893756,1444.39071834091,East,South,1.42826
90,30,2046.82287713598,1444.38947019277,East,South,1.42824
20,30,NaN,NaN,Camp,South,1.05667
90,30,2046.28578627139,1444.39046680399,East,South,1.4282
90,30,2046.86557525771,1444.3895157658,East,South,1.42824
20,30,NaN,NaN,Camp,South,1.05669
20,30,NaN,NaN,Camp,South,1.05686
20,30,NaN,NaN,Camp,South,1.05693
20,30,NaN,NaN,Camp,South,1.05682
20,30,NaN,NaN,Camp,South,1.05681
20,30,NaN,NaN,Camp,South,1.0568
20,30,NaN,NaN,Camp,South,1.05678
20,30,NaN,NaN,Camp,South,1.05677
90,90,2046.6371574842,1444.38848125968,East,South,1.4175
90,90,2047.25498595651,1442.39298905427,East,South,1.42374
90,90,2047.08242446054,1442.39420869663,East,South,1.42367
90,90,2046.86813710423,1442.39516557204,East,South,1.41735
90,90,2046.64298314869,1442.39570948258,East,South,1.41753
90,90,2046.62298284149,1442.39636470763,East,South,1.42351
90,90,2046.46557216701,1442.39492385712,East,South,1.41758
90,90,2046.51350901936,1442.39393635896,East,South,1.42363
20,90,NaN,NaN,Camp,South,1.05273
90,90,2047.22608079512,1442.39222650186,East,South,1.41745
90,90,2047.35020933508,1442.39104466888,East,South,1.42371
90,90,2047.55522309979,1442.3899103542,East,South,1.42366
90,90,2046.33437278583,1442.39012364929,East,South,1.4175
90,90,2046.29518383443,1442.38968298685,East,South,1.41754
90,90,2046.19653675254,1442.38933943956,East,South,1.41751
90,90,2046.9483660152,1442.38865241497,East,South,1.41754
90,90,2047.06129554405,1442.38940365711,East,South,1.41764
20,90,NaN,NaN,Camp,South,1.05285
90,90,2047.13984502539,1442.38922808455,East,South,1.41769
90,90,2047.05782508489,1442.39026033621,East,South,1.41763
90,90,2047.02760547429,1442.39081062267,East,South,1.42386
20,90,NaN,NaN,Camp,South,1.05288
90,90,2047.14879944628,1442.39092432618,East,South,1.4176
20,90,NaN,NaN,Camp,South,1.05284
90,90,2046.93344899619,1442.39246303612,East,South,1.41766
90,90,2046.87937619037,1442.39246609914,East,South,1.41755
20,90,NaN,NaN,Camp,South,1.05282
20,90,NaN,NaN,Camp,South,1.0528
90,90,2047.27417696446,1442.3902382728,East,South,1.41753
20,90,NaN,NaN,Camp,South,1.05278
90,90,2046.95154832761,1442.39191730737,East,South,1.41751
20,90,NaN,NaN,Camp,South,1.05277
90,90,2046.6284849955,1442.3934990782,East,South,1.4175
20,90,NaN,NaN,Camp,South,1.05276
90,90,2046.31052717606,1442.39516985791,East,South,1.41747
90,90,2046.58399023526,1442.39362982632,East,South,1.41748
90,90,2046.71488317337,1442.39307433731,East,South,1.41745
90,90,2046.24492467202,1442.39267643251,East,South,1.41749
90,90,2046.40503273061,1442.39107704448,East,South,1.4175
90,90,2046.18162360749,1442.39251843165,East,South,1.41754
90,90,2046.24378261135,1442.39303464298,East,South,1.41755
90,90,2045.50046935293,1442.39348926194,East,South,1.41759
90,90,2046.63470883917,1442.39102190011,East,South,1.41762
90,90,2046.6578269835,1442.39178846753,East,South,1.41759
90,90,2046.84050360223,1442.39128519482,East,South,1.41764
90,90,2046.74749367482,1442.39294316426,East,South,1.41765
90,90,2046.78135792448,1442.39340786674,East,South,1.41765
90,90,2046.96791778306,1442.39197294459,East,South,1.41756
90,90,2047.30251270029,1442.38974470689,East,South,1.41738
90,90,2046.7035229925,1442.39038773681,East,South,1.41742
90,90,2046.77966417313,1442.38938489031,East,South,1.41735
90,90,2047.47203362573,1442.38824539399,East,South,1.4174
90,90,2047.03027894892,1442.38900108391,East,South,1.41757
90,90,2047.85809633528,1442.38705649116,East,South,1.41763
90,90,2046.93668863795,1442.38946105748,East,South,1.41771
90,90,2046.82731006585,1442.39049462676,East,South,1.41771
90,90,2046.59783941554,1442.3914558997,East,South,1.41775
90,90,2046.90338342307,1442.39244053955,East,South,1.41768
90,90,2046.80716143745,1442.39354111167,East,South,1.41771
90,90,2046.21088681836,1442.39410013838,East,South,1.41769
90,90,2047.07249461783,1442.39242149508,East,South,1.41767
20,90,1462.59169213371,1442.33436778481,Camp,East,1.0195
20,90,1463.15801517126,1442.34563387505,Camp,East,1.01956
20,90,1462.3068560917,1442.3629197249,Camp,East,1.01952
20,90,1463.26201521312,1442.37920072962,Camp,East,1.01876
20,90,1463.10501243009,1442.36727134318,Camp,East,1.01871
20,90,1462.19086166635,1442.36239331541,Camp,East,1.01881
20,90,1461.83531362261,1442.3762783841,Camp,East,1.01877
20,90,1461.78623116832,1442.37019009605,Camp,East,1.01875
20,90,1461.65624195879,1442.36907113975,Camp,East,1.01875
20,90,1460.73385900871,1442.36311468989,Camp,East,1.01874
20,90,1460.53925060024,1442.36918707628,Camp,East,1.01878
90,30,2148.63730038787,1438.42987782592,East,North,1.49526
90,30,2148.49482812158,1438.42889192112,East,North,1.49525
90,30,2148.44889577731,1438.43108312841,East,North,1.49525
90,30,2148.30961079635,1438.43203510912,East,North,1.49525
20,30,NaN,NaN,Camp,North,1.14128
90,30,2148.37108975293,1438.43067112716,East,North,1.49527
20,30,NaN,NaN,Camp,North,1.14128
90,30,2148.30655297779,1438.43051792427,East,North,1.49526
90,30,2148.33972353741,1438.43057986594,East,North,1.49526
90,30,2148.49258596465,1438.4301029657,East,North,1.49526
90,30,2149.33478120511,1438.43267364497,East,North,1.49526
90,30,2149.31115387216,1438.43263847575,East,North,1.49526
20,30,NaN,NaN,Camp,North,1.14113
90,30,2149.49908064523,1438.43242214746,East,North,1.49525
20,30,NaN,NaN,Camp,North,1.14112
20,30,NaN,NaN,Camp,North,1.14112
20,30,NaN,NaN,Camp,North,1.14109
90,30,2148.48554137253,1438.42998757235,East,North,1.49535
90,30,2148.18667222861,1438.42996648902,East,North,1.49534
90,30,2149.02389932855,1438.43247715106,East,North,1.50217
90,30,2149.28348554923,1438.43415054919,East,North,1.50216
90,30,2149.12723098606,1438.43411627439,East,North,1.50217
20,30,NaN,NaN,Camp,North,1.14102
90,30,2148.86545881472,1438.4340995979,East,North,1.50224
20,30,NaN,NaN,Camp,North,1.14102
90,30,2148.91425359899,1438.43446320043,East,North,1.50224
20,30,NaN,NaN,Camp,North,1.14102
90,30,2149.82484383946,1438.43736916863,East,North,1.5023
90,30,2149.52995608541,1438.43621950252,East,North,1.50235
90,30,2148.32040176003,1438.43305402047,East,North,1.50237
90,30,2148.24684903686,1438.43209971443,East,North,1.50236
90,30,2148.93031068181,1438.43443775151,East,North,1.50241
90,30,2149.32911085255,1438.43542113021,East,North,1.5024
20,30,NaN,NaN,Camp,North,1.14113
90,90,2149.07577463696,1438.4344133739,East,North,1.48934
20,90,NaN,NaN,Camp,North,1.13599
90,90,2148.81046922262,1434.47268044673,East,North,1.48934
90,90,2148.53138262847,1434.47291366082,East,North,1.48934
20,90,NaN,NaN,Camp,North,1.13603
90,90,2149.33763692638,1434.47587583005,East,North,1.48935
20,90,NaN,NaN,Camp,North,1.13606
90,90,2149.14732535962,1434.47676199565,East,North,1.48936
20,90,NaN,NaN,Camp,North,1.13606
90,90,2148.92813387513,1434.47548271289,East,North,1.48939
90,90,2148.75420469778,1434.47539082606,East,North,1.48934
20,90,NaN,NaN,Camp,North,1.1361
90,90,2148.6777956515,1434.47480292746,East,North,1.48932
20,90,NaN,NaN,Camp,North,1.13609
90,90,2148.67434898385,1434.47461889035,East,North,1.48928
20,90,NaN,NaN,Camp,North,1.13613
90,90,2148.73310800827,1434.47397087072,East,North,1.48927
90,90,2149.88208778081,1434.47793925589,East,North,1.48926
20,90,NaN,NaN,Camp,North,1.13621
90,90,2149.72759130906,1434.47715357213,East,North,1.4892
20,90,NaN,NaN,Camp,North,1.13619
90,90,2149.00399498469,1434.47467239313,East,North,1.48919
20,90,NaN,NaN,Camp,North,1.13618
90,90,2149.12121634901,1434.4756010557,East,North,1.4892
20,90,NaN,NaN,Camp,North,1.13614
90,90,2148.42725230291,1434.47338811468,East,North,1.48923
90,90,2148.23396346275,1434.47284990554,East,North,1.48924
20,90,NaN,NaN,Camp,North,1.13595
90,90,2148.95855671764,1434.47526413581,East,North,1.48922
20,90,NaN,NaN,Camp,North,1.13587
90,90,2148.77507396216,1434.47482317496,East,North,1.48923
90,90,2148.68305177655,1434.47475239851,East,North,1.48921
90,90,2148.69450731961,1434.47526399719,East,North,1.48917
90,90,2149.17466497392,1434.47463410475,East,North,1.48916
90,90,2149.30880967155,1434.47298270809,East,North,1.48919
20,90,NaN,NaN,Camp,North,1.13553
90,90,2149.43658998479,1434.47342719787,East,North,1.48919
90,90,2149.17938094763,1434.47248024967,East,North,1.48919
20,90,NaN,NaN,Camp,North,1.13566
90,90,2148.97709987584,1434.47190418205,East,North,1.4893
90,90,2149.04586928039,1434.47111464311,East,North,1.48924
90,90,2149.00520905456,1434.47063507782,East,North,1.48924
20,90,NaN,NaN,Camp,North,1.13581
90,90,2148.78361456506,1434.47036086399,East,North,1.4893
20,90,NaN,NaN,Camp,North,1.13591
90,90,2148.70800373664,1434.47034295975,East,North,1.48933
20,90,NaN,NaN,Camp,North,1.1359
90,90,2148.81647143057,1434.47227763014,East,North,1.48937
90,90,2148.7878080332,1434.47296184837,East,North,1.48932
20,90,NaN,NaN,Camp,North,1.13588
90,90,2149.67004646866,1434.47601737998,East,North,1.48936
20,90,NaN,NaN,Camp,North,1.13589
90,90,2149.63965800419,1434.47501265134,East,North,1.48939
90,90,2149.48816364609,1434.47420957706,East,North,1.48938
20,90,NaN,NaN,Camp,North,1.13586
90,90,2149.24828146655,1434.47351985258,East,North,1.48945
20,90,NaN,NaN,Camp,North,1.13586
90,90,2149.06814619187,1434.47387536192,East,North,1.48945
20,90,NaN,NaN,Camp,North,1.13589
90,90,2150.07126844109,1434.47500129844,East,North,1.48946
20,90,NaN,NaN,Camp,North,1.13586
90,90,2150.47008640977,1434.47419722263,East,North,1.48951
20,90,NaN,NaN,Camp,North,1.13582
90,90,2150.21367958363,1434.47389440086,East,North,1.48949
20,90,NaN,NaN,Camp,North,1.13584
90,90,2150.8747808795,1434.47664334235,East,North,1.48956
90,90,2149.93871478661,1434.4769523865,East,North,1.48961
20,90,NaN,NaN,Camp,North,1.13584
90,90,2149.88572027365,1434.47681518305,East,North,1.49568
20,90,NaN,NaN,Camp,North,1.13581
90,90,2149.71361259409,1434.47641110909,East,North,1.49567
20,90,NaN,NaN,Camp,North,1.1358
90,90,2149.64435685926,1434.47550173799,East,North,1.48951
20,90,NaN,NaN,Camp,North,1.13582
90,90,2149.57725115025,1434.47478986992,East,North,1.4895
20,90,NaN,NaN,Camp,North,1.13585
90,90,2149.65019018311,1434.47710961004,East,North,1.48951
90,90,2149.99403324567,1434.47853928738,East,North,1.48954
20,90,NaN,NaN,Camp,North,1.13579
90,90,2150.05588289917,1434.47742374481,East,North,1.48951
90,90,2150.14342508696,1434.47684275097,East,North,1.48959
20,90,NaN,NaN,Camp,North,1.13573
90,90,2149.87493188768,1434.47503870718,East,North,1.48957
90,90,2149.65227569049,1434.47311866419,East,North,1.48953
20,90,NaN,NaN,Camp,North,1.13577
90,90,2149.73419188558,1434.47291851872,East,North,1.48955
20,90,NaN,NaN,Camp,North,1.13578
90,90,2149.68383881386,1434.47227990116,East,North,1.48956
20,90,NaN,NaN,Camp,North,1.13582
20,30,NaN,NaN,Camp,West,1.24198
20,30,NaN,NaN,Camp,West,1.24197
20,30,NaN,NaN,Camp,West,1.24196
20,30,NaN,NaN,Camp,West,1.2407
20,30,NaN,NaN,Camp,West,1.24071
20,30,NaN,NaN,Camp,West,1.24069
20,30,NaN,NaN,Camp,West,1.2407
20,30,NaN,NaN,Camp,West,1.24072
20,30,NaN,NaN,Camp,West,1.24071
20,30,NaN,NaN,Camp,West,1.24075
20,30,NaN,NaN,Camp,West,1.24073
20,30,NaN,NaN,Camp,West,1.24072
20,30,NaN,NaN,Camp,West,1.24078
20,30,NaN,NaN,Camp,West,1.24077
20,30,NaN,NaN,Camp,West,1.24076
20,30,NaN,NaN,Camp,West,1.24078
20,30,NaN,NaN,Camp,West,1.24078
20,90,NaN,NaN,Camp,West,1.23632
20,90,NaN,NaN,Camp,West,1.23634
20,90,NaN,NaN,Camp,West,1.23636
20,90,NaN,NaN,Camp,West,1.23635
20,90,NaN,NaN,Camp,West,1.23635
20,90,NaN,NaN,Camp,West,1.23637
20,90,NaN,NaN,Camp,West,1.23638
20,90,NaN,NaN,Camp,West,1.23635
20,90,NaN,NaN,Camp,West,1.23633
20,90,NaN,NaN,Camp,West,1.23631
20,90,NaN,NaN,Camp,West,1.23632
20,90,NaN,NaN,Camp,West,1.23632
20,90,NaN,NaN,Camp,West,1.23628
20,90,NaN,NaN,Camp,West,1.23624
20,90,NaN,NaN,Camp,West,1.2433
20,90,NaN,NaN,Camp,West,1.24329
90,90,3161.39762741073,1438.60584426142,East,West,4.18966
20,90,NaN,NaN,Camp,West,1.24335
90,90,3161.59883008491,1438.60463223783,East,West,4.18971
20,90,NaN,NaN,Camp,West,1.24332
90,90,3161.85674785973,1438.60420760117,East,West,4.18977
90,90,3161.58575689169,1438.60483192423,East,West,4.18975
20,90,NaN,NaN,Camp,West,1.24336
90,90,3161.40933013864,1438.60461054536,East,West,4.18978
90,90,3161.41410164516,1438.60449727808,East,West,4.18979
90,90,3162.03192077756,1438.60523267012,East,West,4.1898
90,90,3162.01940227333,1438.60484215628,East,West,4.1898
20,90,NaN,NaN,Camp,West,1.23628
90,90,3162.05421605226,1438.60407667275,East,West,4.18981
20,90,NaN,NaN,Camp,West,1.23629
90,90,3162.34758025449,1438.60468408594,East,West,4.18984
20,90,NaN,NaN,Camp,West,1.23631
20,90,NaN,NaN,Camp,West,1.2363
90,90,3162.28431210591,1438.60495764622,East,West,4.18992
20,90,NaN,NaN,Camp,West,1.23631
20,90,NaN,NaN,Camp,West,1.23631
20,90,NaN,NaN,Camp,West,1.23629
20,90,NaN,NaN,Camp,West,1.23631
20,90,NaN,NaN,Camp,West,1.23625
20,90,NaN,NaN,Camp,West,1.2362
20,90,NaN,NaN,Camp,West,1.23618
20,30,NaN,NaN,Camp,South,1.05653
20,30,NaN,NaN,Camp,South,1.05659
20,30,NaN,NaN,Camp,South,1.05681
20,30,NaN,NaN,Camp,South,1.0568
20,30,NaN,NaN,Camp,South,1.05681
20,30,NaN,NaN,Camp,South,1.05681
20,30,NaN,NaN,Camp,South,1.0568
20,30,NaN,NaN,Camp,South,1.05683
20,30,NaN,NaN,Camp,South,1.05683
20,30,NaN,NaN,Camp,South,1.05682
20,30,NaN,NaN,Camp,South,1.05682
20,30,NaN,NaN,Camp,South,1.05682
20,30,NaN,NaN,Camp,South,1.05683
20,30,NaN,NaN,Camp,South,1.05676
20,30,NaN,NaN,Camp,South,1.05675
20,30,NaN,NaN,Camp,South,1.0568
20,30,NaN,NaN,Camp,South,1.05685
20,30,NaN,NaN,Camp,South,1.05686
20,30,NaN,NaN,Camp,South,1.05706
90,30,2046.32484380268,1443.79585785133,East,South,1.42796
20,30,NaN,NaN,Camp,South,1.05681
20,30,NaN,NaN,Camp,South,1.05681
20,30,NaN,NaN,Camp,South,1.05681
90,30,2046.8375378902,1443.79558902173,East,South,1.4281
20,30,NaN,NaN,Camp,South,1.05694
20,30,NaN,NaN,Camp,South,1.05694
20,30,NaN,NaN,Camp,South,1.05694
20,30,NaN,NaN,Camp,South,1.05693
20,30,NaN,NaN,Camp,South,1.05692
20,30,NaN,NaN,Camp,South,1.05691
20,30,NaN,NaN,Camp,South,1.05688
90,30,2045.69612948472,1443.79248097018,East,South,1.42749
20,30,NaN,NaN,Camp,South,1.05723
90,90,2046.82378993321,1449.5049773569,East,South,1.41693
90,90,2047.35458541853,1449.50227578503,East,South,1.41694
90,90,2047.37858359287,1449.50218271395,East,South,1.4169
90,90,2046.73096566177,1449.5040331201,East,South,1.41691
90,90,2046.84793449141,1449.50484846904,East,South,1.42328
90,90,2047.03185834726,1449.50488088974,East,South,1.42329
90,90,2047.12436181282,1449.50454195735,East,South,1.42331
90,90,2047.38556895562,1449.50445013603,East,South,1.4233
90,90,2047.62621846389,1449.5052057506,East,South,1.42331
90,90,2047.14106015422,1449.50474280843,East,South,1.42332
90,90,2048.02742259677,1449.50319534289,East,South,1.42334
90,90,2046.82050881531,1449.50597453064,East,South,1.42332
90,90,2046.69752649259,1449.50656133092,East,South,1.42331
90,90,2046.24185654531,1449.50677917951,East,South,1.42328
90,90,2046.48385389124,1449.50598400973,East,South,1.42328
90,90,2046.62374356811,1449.50582794067,East,South,1.42328
90,90,2046.51307646852,1449.50669063029,East,South,1.4233
90,90,2046.47682349936,1449.50684102423,East,South,1.42329
90,90,2046.63620676296,1449.50810504194,East,South,1.4233
90,90,2047.46157576751,1449.50740583534,East,South,1.42332
20,90,NaN,NaN,Camp,South,1.06004
90,90,2047.30165745313,1449.50682990465,East,South,1.42326
90,90,2047.30899328604,1449.5063350589,East,South,1.42318
90,90,2046.9915764726,1449.50904356539,East,South,1.42311
90,90,2046.97438530234,1449.50957836516,East,South,1.42314
90,90,2047.08483209157,1449.50877493327,East,South,1.42319
90,90,2046.97217847151,1449.50870987356,East,South,1.41682
90,90,2046.99701287459,1449.50858140135,East,South,1.41679
90,90,2046.88022107023,1449.50940650172,East,South,1.41679
20,90,NaN,NaN,Camp,South,1.04811
90,90,2046.46860006126,1449.50974103256,East,South,1.41678
90,90,2046.59958208773,1449.50890770493,East,South,1.4167
90,90,2046.74636225865,1449.50738455336,East,South,1.41668
90,90,2046.93894879357,1449.50617582293,East,South,1.41668
90,90,2046.95300706284,1449.50649131517,East,South,1.41662
90,90,2046.72023427674,1449.50803572233,East,South,1.41659
90,90,2046.39539177324,1449.50928284394,East,South,1.41657
90,90,2046.21711751503,1449.50926823138,East,South,1.41652
90,90,2046.39098917532,1449.50852527251,East,South,1.41658
90,90,2046.37176357647,1449.50816459003,East,South,1.4166
90,90,2046.35188703272,1449.50871564468,East,South,1.42297
90,90,2046.37655053513,1449.50907544359,East,South,1.41671
90,90,2046.44556369262,1449.50937714898,East,South,1.41672
90,90,2046.36799166707,1449.51048659021,East,South,1.42308
90,90,2046.6832594531,1449.50906118276,East,South,1.42311
20,90,1461.20082095741,1443.21300873472,Camp,East,1.01887
20,90,1460.79265623305,1443.21885457146,Camp,East,1.01892
20,90,1462.72647784397,1442.01481567026,Camp,East,1.01816
20,90,1462.42261858566,1442.08627095462,Camp,East,1.01813
20,90,1463.65319693136,1442.02623796893,Camp,East,1.0181
20,90,1462.07114630392,1442.06271094109,Camp,East,1.01802
20,90,1464.30996662544,1442.03135232454,Camp,East,1.01825
20,90,1465.47331929045,1442.04112616731,Camp,East,1.01825
20,90,1465.16084465526,1442.05875354015,Camp,East,1.01826
20,90,1464.82932626659,1442.04739404983,Camp,East,1.0182
20,90,1464.75513629849,1442.07509447881,Camp,East,1.01818
20,90,1464.54283589312,1442.0536711864,Camp,East,1.01819
20,90,1464.56074958998,1442.02686570912,Camp,East,1.0182
20,90,1463.83401528596,1442.04506613428,Camp,East,1.01889
20,90,1463.57405652335,1442.03923656505,Camp,East,1.01882
20,90,1463.48748888734,1442.05508784721,Camp,East,1.0188
20,90,1463.63737778657,1442.02414999509,Camp,East,1.01881
20,90,1463.74272276082,1442.02576353729,Camp,East,1.01883
20,90,1464.50059599614,1442.0108895048,Camp,East,1.01889
20,90,1463.03527292001,1442.10993835954,Camp,East,1.0189
20,90,1461.9899082278,1442.04262550999,Camp,East,1.01803
20,30,NaN,NaN,Camp,East,1.02344
20,30,NaN,NaN,Camp,East,1.02339
20,30,NaN,NaN,Camp,East,1.02334
20,30,NaN,NaN,Camp,East,1.0233
20,30,NaN,NaN,Camp,East,1.02336
20,30,NaN,NaN,Camp,East,1.02333
20,30,NaN,NaN,Camp,East,1.02332
20,30,NaN,NaN,Camp,East,1.02331
20,30,NaN,NaN,Camp,East,1.02329
20,30,NaN,NaN,Camp,East,1.02323
20,30,NaN,NaN,Camp,East,1.02324
30,30,2149.11260321057,1439.43079883924,North,East,1.50112
20,30,NaN,NaN,Camp,East,1.02328
30,30,2149.06281252801,1439.43086649171,North,East,1.5011
30,30,2149.03776769279,1439.43081748881,North,East,1.50112
20,30,NaN,NaN,Camp,East,1.02332
30,30,2149.68982970254,1439.43192497161,North,East,1.50116
30,30,2149.21705631981,1439.43143875002,North,East,1.50117
30,30,2149.21450207075,1439.43143376219,North,East,1.50122
20,30,NaN,NaN,Camp,East,1.02305
30,30,2149.10347658533,1439.43160643271,North,East,1.5052
30,30,2149.11520008441,1439.43175925747,North,East,1.50518
30,30,2148.83203463471,1439.43243940946,North,East,1.50511
30,30,2149.56920374807,1439.4326414073,North,East,1.50514
30,30,2149.29977035495,1439.43145587137,North,East,1.5051
30,30,2149.26076829021,1439.43128858249,North,East,1.50507
30,30,2149.01065065393,1439.43135336471,North,East,1.50505
30,30,2148.30976099602,1439.43128618505,North,East,1.50106
30,30,2148.1203035497,1439.43169231021,North,East,1.50104
30,30,2148.39470934928,1439.43138066522,North,East,1.50103
30,30,2148.54823318035,1439.4302434444,North,East,1.50104
30,30,2148.55568735413,1439.43120376782,North,East,1.50107
30,30,2149.01831307895,1439.43266885684,North,East,1.50105
30,30,2148.44328431411,1439.43178873496,North,East,1.50172
30,90,2149.6704548141,1444.76026300894,North,East,1.50172
30,90,2150.3188118677,1444.75840330343,North,East,1.50169
30,90,2150.32157144459,1444.75726406378,North,East,1.50171
30,90,2149.93341516089,1444.75791471405,North,East,1.50172
30,90,2149.85758057486,1444.75909818419,North,East,1.50172
30,90,2149.72976517406,1444.76004857097,North,East,1.50177
30,90,2149.14697451682,1444.75895667041,North,East,1.50178
30,90,2149.23248986232,1444.75833518223,North,East,1.5018
30,90,2148.48278746418,1444.76039670109,North,East,1.50181
30,90,2149.2380874865,1444.7606599212,North,East,1.5018
30,90,2149.27097887195,1444.76151618635,North,East,1.50186
30,90,2149.00270660031,1444.76239894072,North,East,1.50184
30,90,2149.08296361146,1444.76088709133,North,East,1.50187
30,90,2149.19060451912,1444.75951164684,North,East,1.4954
30,90,2149.42551135111,1444.75899315856,North,East,1.49545
30,90,2149.1825189964,1444.76115131572,North,East,1.4954
30,90,2149.27137570354,1444.7597865361,North,East,1.4954
30,90,2149.04778219228,1444.76159127343,North,East,1.49544
30,90,2149.01308459082,1444.76179171202,North,East,1.49542
30,90,2149.14083618584,1444.76073819756,North,East,1.49539
30,90,2149.18299263439,1444.76088498044,North,East,1.49543
30,90,2149.23686349478,1444.76085772183,North,East,1.49539
30,90,2149.79418004588,1444.75958003146,North,East,1.49536
30,90,2149.5196591425,1444.75984898951,North,East,1.49535
30,90,2148.90009892247,1444.76144489289,North,East,1.49534
30,90,2148.99787364817,1444.76103478224,North,East,1.49533
30,90,2148.96478182486,1444.75930578187,North,East,1.5021
30,90,2148.74450098202,1444.76062662621,North,East,1.50205
30,90,2148.85418712466,1444.76052948619,North,East,1.50201
30,90,2149.33515701349,1444.76018562208,North,East,1.50209
30,90,2148.96258550403,1444.76238700427,North,East,1.50202
30,90,2148.72057858402,1444.76182733431,North,East,1.50205
30,90,2148.99073792968,1444.76158538096,North,East,1.50205
30,90,2148.8890355413,1444.76226205737,North,East,1.50201
30,90,2149.20421950479,1444.76046449036,North,East,1.50204
30,90,2149.28556749478,1444.76068680518,North,East,1.50204
30,90,2149.36573832361,1444.76002804049,North,East,1.50205
30,90,2149.30551637727,1444.76107325283,North,East,1.50207
30,90,2148.86631713813,1444.76106017019,North,East,1.50207
30,30,1895.04714432482,1437.55167821343,North,West,1.32657
30,30,1895.16955598723,1437.55206359649,North,West,1.32654
30,30,1894.26793264591,1437.55206946528,North,West,1.3266
20,30,NaN,NaN,Camp,West,1.24087
30,30,1894.27120893185,1437.55089484942,North,West,1.32659
30,30,1894.28667612866,1437.5500753941,North,West,1.32662
30,30,1895.51673034914,1437.55065206805,North,West,1.32666
30,30,1895.44247179613,1437.55078387365,North,West,1.32664
20,30,NaN,NaN,Camp,West,1.24092
30,30,1895.25517290576,1437.55104608491,North,West,1.32668
30,30,1895.33858948547,1437.55161219165,North,West,1.32664
30,30,1895.43368558189,1437.55182201739,North,West,1.32665
20,30,NaN,NaN,Camp,West,1.2409
30,30,1894.8354066063,1437.55072280555,North,West,1.32663
20,30,NaN,NaN,Camp,West,1.24087
30,30,1895.05870064659,1437.55126205095,North,West,1.32659
30,30,1894.8663298289,1437.55011191889,North,West,1.32664
30,30,1894.67234117058,1437.55016970781,North,West,1.32668
20,30,NaN,NaN,Camp,West,1.24089
30,30,1894.42913658639,1437.55001913104,North,West,1.32672
30,30,1894.59010528285,1437.54992518989,North,West,1.32678
20,30,NaN,NaN,Camp,West,1.24092
30,30,1894.70186432833,1437.5501725396,North,West,1.32673
30,30,1895.13752765083,1437.55150898101,North,West,1.32673
30,30,1894.92142281159,1437.55143326351,North,West,1.32673
20,30,NaN,NaN,Camp,West,1.2409
30,30,1895.58654802227,1437.55086890407,North,West,1.32666
20,30,NaN,NaN,Camp,West,1.24087
30,30,1895.31771062007,1437.55065196954,North,West,1.32664
30,30,1895.03559112996,1437.54976784136,North,West,1.32662
20,30,NaN,NaN,Camp,West,1.24085
30,30,1894.60421372327,1437.55013378684,North,West,1.32659
30,30,1894.2123841136,1437.5506273733,North,West,1.32656
20,30,NaN,NaN,Camp,West,1.2408
30,30,1894.31179521495,1437.54925898295,North,West,1.32658
30,30,1893.60742302691,1437.54642970314,North,West,1.32659
30,30,1894.32359087733,1437.54931051094,North,West,1.32659
30,30,1894.24975385946,1437.54914747799,North,West,1.32661
30,30,1895.52999565121,1437.55061307104,North,West,1.32659
30,30,1894.69157307421,1437.54758403618,North,West,1.32655
20,30,NaN,NaN,Camp,West,1.24082
30,30,1895.42427386406,1437.55171197248,North,West,1.32654
20,30,NaN,NaN,Camp,West,1.24083
30,30,1895.12614349117,1437.55013118018,North,West,1.32655
30,30,1895.14685165801,1437.55017712271,North,West,1.32654
30,30,1895.81240785429,1437.55068207957,North,West,1.32652
30,30,1895.68072807909,1437.54820126191,North,West,1.32657
30,30,1895.62216599806,1437.54844224853,North,West,1.3266
30,30,1895.53319969843,1437.54946151726,North,West,1.32659
30,30,1895.69659880211,1437.54849573812,North,West,1.32662
30,30,1895.61637761059,1437.55059439654,North,West,1.32665
30,30,1895.38153615212,1437.55020845799,North,West,1.32663
30,30,1896.18442556322,1437.55255347561,North,West,1.32664
30,30,1896.1494829648,1437.55336702981,North,West,1.32667
30,30,1896.59999788429,1437.55193038766,North,West,1.32661
30,30,1895.56896172904,1437.55038427851,North,West,1.32663
30,30,1896.82639999847,1437.55206849484,North,West,1.32665
30,30,1896.83855919291,1437.55209527342,North,West,1.32666
30,30,1896.87395345191,1437.55171776451,North,West,1.32662
30,30,1895.51434532168,1437.55060382566,North,West,1.32663
30,30,1895.73213787266,1437.55001785087,North,West,1.32664
30,30,1895.19336587364,1437.54978530984,North,West,1.32664
30,30,1894.93072218167,1437.5493622709,North,West,1.32664
30,30,1894.74132726769,1437.54901712647,North,West,1.3266
30,30,1894.47635405738,1437.54923841227,North,West,1.32661
30,30,1894.88024435484,1437.5502317593,North,West,1.32657
30,30,1896.39501365832,1437.55240417268,North,West,1.32655
30,90,1894.23213657712,1444.54632876224,North,West,1.32866
30,90,1894.15479221428,1444.54416400437,North,West,1.32866
30,90,1894.27634992071,1444.54358399648,North,West,1.32867
30,90,1894.59460555364,1444.54369691392,North,West,1.32862
30,90,1895.15729894729,1444.54288678749,North,West,1.32863
30,90,1895.07607767063,1444.54226759527,North,West,1.32861
30,90,1895.2016404204,1444.54166273372,North,West,1.32853
30,90,1894.83758374629,1444.54235841886,North,West,1.32848
30,90,1894.88315393578,1444.54047383475,North,West,1.32842
30,90,1894.74830024687,1444.53982149829,North,West,1.32849
30,90,1894.96116707701,1444.53973860511,North,West,1.3285
30,90,1894.95741270717,1444.54011778691,North,West,1.3285
30,90,1894.84461410383,1444.54135580797,North,West,1.32848
30,90,1894.78477568122,1444.54163808242,North,West,1.32846
30,90,1894.71745866278,1444.54216444846,North,West,1.32327
30,90,1895.38543227597,1444.54359095534,North,West,1.32326
30,90,1894.74014671529,1444.54336922026,North,West,1.32323
30,90,1894.60296498564,1444.54397487471,North,West,1.32332
30,90,1895.52065124071,1444.5442802241,North,West,1.3233
20,30,NaN,NaN,Camp,South,1.0575
20,30,NaN,NaN,Camp,South,1.05748
20,30,NaN,NaN,Camp,South,1.0575
20,30,NaN,NaN,Camp,South,1.05739
20,30,NaN,NaN,Camp,South,1.0573
20,30,NaN,NaN,Camp,South,1.05727
20,30,NaN,NaN,Camp,South,1.05727
20,30,NaN,NaN,Camp,South,1.05723
20,30,NaN,NaN,Camp,South,1.05753
20,30,NaN,NaN,Camp,South,1.05751
20,30,NaN,NaN,Camp,South,1.05753
20,30,NaN,NaN,Camp,South,1.05748
20,30,NaN,NaN,Camp,South,1.05756
20,30,NaN,NaN,Camp,South,1.05725
20,30,NaN,NaN,Camp,South,1.05724
20,30,NaN,NaN,Camp,South,1.05723
20,30,NaN,NaN,Camp,South,1.0573
20,30,NaN,NaN,Camp,South,1.05731
90,90,NaN,NaN,West,South,1.95003
90,90,NaN,NaN,West,South,1.95023
90,90,NaN,NaN,West,South,1.95023
90,90,NaN,NaN,West,South,1.95018
90,90,NaN,NaN,West,South,1.95016
90,90,NaN,NaN,West,South,1.95017
90,90,NaN,NaN,West,South,1.95018
20,30,1635.41896279219,1438.72426747147,Camp,North,1.14067
20,30,1634.53862347275,1438.61626751778,Camp,North,1.14066
20,30,1635.09920808824,1438.70966844363,Camp,North,1.14066
20,30,1631.6039756159,1438.77541215025,Camp,North,1.1406
20,30,1636.63531132592,1438.72971553568,Camp,North,1.14061
20,30,1638.11429924826,1438.76474577408,Camp,North,1.14061
20,30,1639.066950047,1438.799982285,Camp,North,1.14064
20,30,1637.95964725921,1438.76107703585,Camp,North,1.14058
20,30,1635.35949194072,1438.78093972213,Camp,North,1.14055
20,30,1635.58471989636,1438.67709838924,Camp,North,1.14055
20,30,1641.96023310329,1438.65699229898,Camp,North,1.14056
20,30,1643.11959475368,1438.75439574823,Camp,North,1.14058
20,30,1642.4293343093,1438.83425839105,Camp,North,1.14057
20,30,1648.65333043109,1438.78274047235,Camp,North,1.14057
90,30,1895.20015166274,1437.54980027982,West,North,1.32896
90,30,1894.26424670797,1444.54357870071,West,North,1.32874
90,30,1894.55094522192,1444.54291689444,West,North,1.32876
90,30,1895.16085199811,1444.54288835826,West,North,1.32882
90,30,1895.43810873964,1444.54500151764,West,North,1.3235
90,30,1894.63207306681,1444.54337930688,West,North,1.32349
90,30,1895.44929478418,1444.54248539183,West,North,1.32349
90,30,1894.66241713481,1444.54327376884,West,North,1.3235
90,30,1895.57513924698,1444.54440010396,West,North,1.32352
90,30,1894.5661549134,1444.54386262526,West,North,1.32355
30,30,2149.41920738255,1439.43715432649,North,East,1.50216
30,90,2149.6695561399,1444.76142401777,North,East,1.50225
30,90,2149.00550396303,1444.76253087548,North,East,1.50231
30,90,2149.34568357821,1444.7623121204,North,East,1.50234
30,90,2149.12748902952,1444.76289742374,North,East,1.50229
30,90,2148.96476081756,1444.76277927125,North,East,1.50224
30,90,2148.39119467081,1444.76507386689,North,East,1.50239
30,90,2148.88103025505,1444.76351823382,North,East,1.50235
30,90,2149.0514780944,1444.76220102725,North,East,1.50234
30,90,2147.9087569839,1444.76308516099,North,East,1.50233
30,90,2148.96807600383,1444.76225444651,North,East,1.50232
30,90,2148.88680624977,1444.762481684,North,East,1.50231
30,90,2149.86028603352,1444.76163914804,North,East,1.50229
30,90,2149.39310770713,1444.75857259214,North,East,1.5022
30,90,2149.25760847296,1444.75895627658,North,East,1.50225
30,90,2148.75406134714,1444.75963553605,North,East,1.50223
30,90,2148.94736426137,1444.76020161888,North,East,1.5022
30,90,2148.93127665346,1444.76411697308,North,East,1.50264
30,90,2149.22569417088,1444.76248234946,North,East,1.50221
30,90,2148.79979865529,1444.76109473962,North,East,1.50228
30,90,2148.68033770837,1444.76138509293,North,East,1.50227
30,90,2150.55706700519,1444.76018132898,North,East,1.5023
30,90,2149.20934461866,1444.75967262215,North,East,1.50238
30,90,2149.10391138265,1444.7599790696,North,East,1.50219
30,90,2149.89345407988,1444.76035935507,North,East,1.50216
30,90,2149.70360957819,1444.76060126906,North,East,1.50213
30,90,1894.79277131847,1437.54451551662,North,West,1.32901
30,90,1894.78282890392,1444.53945844438,North,West,1.32902
30,90,1895.12468982805,1444.53770987176,North,West,1.32908
30,90,1895.84894677196,1444.54040225116,North,West,1.32907
30,90,1894.75495339233,1444.54091555561,North,West,1.32906
30,90,1894.73940832624,1444.54090873244,North,West,1.32904
30,90,1894.62530082269,1444.54138072761,North,West,1.32903
30,90,1895.86500206762,1444.54092229809,North,West,1.32904
30,90,1895.15587884455,1444.53985540658,North,West,1.32903
30,90,1895.10966491058,1444.54027599916,North,West,1.32901
30,90,1894.97944569719,1444.54295040554,North,West,1.32886
30,90,1894.9534408701,1444.54293902715,North,West,1.32884
30,90,1895.10204191925,1444.54262195442,North,West,1.32884
30,90,1895.31840137399,1444.54175324223,North,West,1.32882
30,90,1895.22710996739,1444.54246438533,North,West,1.32878
30,90,1895.11350958307,1444.54311249891,North,West,1.32877
30,90,1895.151650186,1444.54313901204,North,West,1.32879
30,90,1895.16806740322,1444.54282314461,North,West,1.32879
30,90,1895.08883970728,1444.5421065777,North,West,1.32877
30,90,1895.17014678422,1444.5412186745,North,West,1.32884
30,90,1895.0020450339,1444.54161932679,North,West,1.32882
30,90,1895.27982892332,1444.54175517102,North,West,1.32886
30,90,1894.99149638612,1444.54277920369,North,West,1.32884
30,90,1895.28949847367,1444.54258934348,North,West,1.32872
30,90,1895.24608887605,1444.54243211608,North,West,1.3287
30,90,1895.21700761999,1444.54241943189,North,West,1.32877
30,90,1895.34680152476,1444.54192603473,North,West,1.32876
30,90,1895.25283266249,1444.54232865572,North,West,1.32886
30,90,1895.56555932745,1444.54391019467,North,West,1.32872
30,90,1895.95818292159,1444.54417563162,North,West,1.32869
30,90,1896.10134598617,1444.54489264174,North,West,1.32867
20,30,NaN,NaN,Camp,South,1.05764
90,90,NaN,NaN,West,South,1.95026
90,90,NaN,NaN,West,South,1.95032
90,90,NaN,NaN,West,South,1.95028
90,90,NaN,NaN,West,South,1.95025
90,90,NaN,NaN,West,South,1.95031
90,90,NaN,NaN,West,South,1.95032
90,90,NaN,NaN,West,South,1.95038
90,90,NaN,NaN,West,South,1.95035
90,90,NaN,NaN,West,South,1.95044
90,90,NaN,NaN,West,South,1.95034
90,90,NaN,NaN,West,South,1.95036
90,90,NaN,NaN,West,South,1.95042
90,90,NaN,NaN,West,South,1.95069
90,90,NaN,NaN,West,South,1.95053
90,30,1894.85607971665,1437.54447470366,West,North,1.32929
90,30,1894.8164485975,1444.53947315278,West,North,1.32932
90,30,1896.13356935848,1444.5381508536,West,North,1.32935
90,30,1894.91278787561,1444.5399930476,West,North,1.32934
90,30,1894.74721967316,1444.54091216108,West,North,1.32936
90,30,1894.73153261485,1444.54090527553,West,North,1.32938
90,30,1895.60161555853,1444.54180779565,West,North,1.32933
90,30,1895.1753006403,1444.53986389143,West,North,1.32931
90,30,1895.13865283967,1444.54028867939,West,North,1.32928
90,30,1894.95026324066,1444.542022287,West,North,1.32911
90,30,1894.72058403795,1444.54290761728,West,North,1.32912
90,30,1894.96646641136,1444.5429447265,West,North,1.32908
90,30,1894.94038938794,1444.54293331636,West,North,1.32916
90,30,1895.09841897358,1444.54262036972,West,North,1.3291
90,30,1895.33185871792,1444.54175912672,West,North,1.32907
90,30,1895.21957381103,1444.54246108833,West,North,1.32902
90,30,1895.1475734611,1444.54313722971,West,North,1.32913
90,30,1895.17332342207,1444.54282544975,West,North,1.32903
90,30,1895.07036305703,1444.54209850205,West,North,1.32906
90,30,1895.2896110947,1444.54175944907,West,North,1.32909
30,20,1639.25946214492,1438.72503721776,North,Camp,1.14047
30,20,1638.66869039717,1438.74172401414,North,Camp,1.14022
30,20,1639.05919743957,1437.22665229557,North,Camp,1.14023
30,20,1639.18037678957,1437.22876501758,North,Camp,1.14025
30,20,1636.91034712599,1437.23884913299,North,Camp,1.14023
30,20,1632.86753590515,1437.24393795577,North,Camp,1.14023
30,20,1635.75086851773,1437.23734005898,North,Camp,1.14026
30,20,1637.63378796901,1437.22831170663,North,Camp,1.14021
30,20,1640.82000853771,1437.24033112175,North,Camp,1.14018
30,20,1641.23318200456,1437.24946001136,North,Camp,1.14027
90,20,NaN,NaN,West,Camp,1.23754
30,30,2148.97248947831,1439.43291852042,North,East,1.50128
30,30,2149.11087252527,1439.43134575766,North,East,1.50123
30,30,2148.87835501933,1439.43195657855,North,East,1.50127
30,30,2149.42362828177,1439.43096513032,North,East,1.50124
30,30,2149.45273413789,1439.43063046385,North,East,1.50121
30,30,2148.52351541331,1439.43258672433,North,East,1.50122
30,30,2147.20344720316,1439.43469402296,North,East,1.50126
30,30,2147.57998235895,1439.43325859808,North,East,1.50125
30,30,2148.51277398461,1439.427567221,North,East,1.50124
30,30,2148.98110948778,1439.42620041118,North,East,1.50125
30,30,2148.40830172663,1439.42711167631,North,East,1.50122
30,30,2148.91605140317,1439.426137598,North,East,1.50123
30,30,2148.26146084601,1439.42814140492,North,East,1.50122
30,30,2148.23789682902,1439.42855202552,North,East,1.50123
30,30,2148.47694570942,1439.43008663532,North,East,1.5012
30,30,2147.57059564946,1439.43118037573,North,East,1.50121
30,30,2148.03329171682,1439.4303646768,North,East,1.5012
30,30,2147.7814963436,1439.43129019818,North,East,1.50124
30,30,2148.43853482582,1439.43205089133,North,East,1.50519
30,30,2149.27381834829,1439.42820713701,North,East,1.50128
30,30,2149.12607465984,1439.42875887356,North,East,1.50125
30,30,2148.25371322774,1439.43072357942,North,East,1.50125
30,30,2147.69445913445,1439.43205714874,North,East,1.50132
30,30,2148.53905704406,1439.42991343406,North,East,1.50518
30,30,2148.09004821926,1439.43138110129,North,East,1.50517
30,30,2147.62951829735,1439.43079666037,North,East,1.50516
30,30,2148.00840085334,1439.42878834816,North,East,1.50517
30,30,2148.01513991849,1439.42862027876,North,East,1.50519
30,30,2148.47221966777,1439.42823185643,North,East,1.50518
30,30,2148.3771175171,1439.42983703019,North,East,1.50515
30,30,2148.85233741906,1439.42752621518,North,East,1.50513
30,30,2149.07531069868,1439.42668270042,North,East,1.5051
30,30,2149.02925351255,1439.42493661523,North,East,1.50508
30,30,2148.75216832108,1439.42740271383,North,East,1.50118
30,30,2148.80009275047,1439.4257206593,North,East,1.50115
30,30,2148.58389058102,1439.42646998175,North,East,1.50114
30,30,2149.54003320732,1439.4269661529,North,East,1.50112
30,30,2148.58484350315,1439.42777345314,North,East,1.50113
30,90,2149.38905385305,1444.75634026164,North,East,1.50152
30,90,2149.47941515107,1444.75592395955,North,East,1.50152
30,90,2149.23776571388,1444.75625514448,North,East,1.50154
30,90,2148.91838391265,1444.75585856088,North,East,1.50149
30,90,2149.19370500905,1444.75439342658,North,East,1.49483
30,90,2149.44627205555,1444.7524620282,North,East,1.50145
30,90,2149.82063537296,1444.75120925149,North,East,1.5014
30,90,2149.63300403457,1444.75090562402,North,East,1.50138
30,30,1897.02672568734,1437.55042017404,North,West,1.32668
30,30,1896.99553572987,1437.55043563382,North,West,1.32662
30,30,1896.67422748947,1437.55131195503,North,West,1.3266
30,30,1896.41087584955,1437.55262048042,North,West,1.32657
30,30,1895.40273486825,1437.55300978854,North,West,1.32659
30,30,1895.34420511122,1437.55294032552,North,West,1.32659
30,30,1896.22005420429,1437.55255015213,North,West,1.32657
30,30,1895.90266001861,1437.55277031149,North,West,1.32648
30,30,1896.1458055453,1437.55181511045,North,West,1.32646
30,30,1896.48836198651,1437.55091247093,North,West,1.32651
30,30,1895.38663941546,1437.5516453463,North,West,1.32652
30,30,1895.37483874013,1437.5512581686,North,West,1.32651
30,30,1895.4440714414,1437.5505648892,North,West,1.32652
30,30,1895.4137076864,1437.5498705495,North,West,1.32654
30,30,1895.14117412436,1437.55088276652,North,West,1.32652
30,30,1895.58227264816,1437.54975573645,North,West,1.32652
30,30,1895.6043042039,1437.54974151494,North,West,1.32652
30,30,1895.52337136594,1437.54946482848,North,West,1.3265
30,30,1895.50062802932,1437.549298111,North,West,1.32649
30,30,1894.93033663467,1437.55164833754,North,West,1.32646
30,30,1894.76735017394,1437.55271687356,North,West,1.3265
30,30,1895.95497492631,1437.55154673485,North,West,1.32648
30,30,1895.14006681667,1437.55149581554,North,West,1.32641
30,30,1896.08530114972,1437.55123008642,North,West,1.32636
30,30,1896.26924638657,1437.5503538488,North,West,1.32646
30,30,1895.32876201219,1437.54988244392,North,West,1.32649
30,30,1895.08376015465,1437.55080201727,North,West,1.32649
30,30,1894.92975758255,1437.55134692592,North,West,1.32652
30,30,1894.83514837172,1437.55161451836,North,West,1.32654
30,30,1894.8033700044,1437.55163498641,North,West,1.32656
30,30,1894.75353948211,1437.55062276591,North,West,1.32655
30,30,1895.94087682578,1437.5493333253,North,West,1.32658
30,30,1895.95121162262,1437.54995907813,North,West,1.32655
30,30,1896.51143006601,1437.54896178978,North,West,1.32659
30,30,1896.45356916052,1437.54979622966,North,West,1.32656
30,30,1896.02323324237,1437.5516717211,North,West,1.32654
30,30,1896.19833147378,1437.55010176704,North,West,1.32652
30,30,1896.65284160397,1437.54787835123,North,West,1.32652
30,30,1895.64991467929,1437.54834131343,North,West,1.32656
30,30,1895.14322310235,1437.55013149025,North,West,1.32659
30,30,1895.71805018596,1437.55105532449,North,West,1.32657
30,30,1896.34403320931,1437.54868242882,North,West,1.32658
30,30,1896.40562423203,1437.54829788058,North,West,1.32661
30,30,1895.39084331851,1437.55027474077,North,West,1.32662
30,30,1896.27284803008,1437.54985020595,North,West,1.3266
30,30,1896.50176774969,1437.54749273027,North,West,1.32654
30,30,1896.46102858597,1437.55049125652,North,West,1.32652
30,30,1896.57465049544,1437.54990373128,North,West,1.32648
30,30,1896.49237474967,1437.54865748146,North,West,1.32648
30,30,1896.26563343541,1437.54812448582,North,West,1.32643
30,30,1896.82892320317,1437.54866476787,North,West,1.32643
30,90,1896.19549633454,1437.55082144591,North,West,1.32644
30,90,1896.10030218396,1444.54731339217,North,West,1.32944
90,30,NaN,NaN,West,South,1.96591
90,30,NaN,NaN,West,South,1.96609
90,30,NaN,NaN,West,South,1.96607
90,30,NaN,NaN,West,South,1.96611
90,30,NaN,NaN,West,South,1.96609
90,90,NaN,NaN,West,South,1.95066
90,90,NaN,NaN,West,South,1.9507
30,30,NaN,NaN,South,East,1.43443
30,30,NaN,NaN,South,East,1.43412
30,30,NaN,NaN,South,East,1.43428
30,30,NaN,NaN,South,East,1.43418
30,30,NaN,NaN,South,East,1.43413
30,30,NaN,NaN,South,East,1.43413
30,30,NaN,NaN,South,East,1.43412
30,30,NaN,NaN,South,East,1.43411
30,30,NaN,NaN,South,East,1.43414
30,30,NaN,NaN,South,East,1.43414
30,30,NaN,NaN,South,East,1.43416
30,30,NaN,NaN,South,East,1.43154
30,30,NaN,NaN,South,East,1.43151
30,30,NaN,NaN,South,East,1.43148
30,30,NaN,NaN,South,East,1.43147
30,30,NaN,NaN,South,East,1.43409
30,30,NaN,NaN,South,East,1.43409
30,30,NaN,NaN,South,East,1.4341
30,30,NaN,NaN,South,East,1.43404
30,30,NaN,NaN,South,East,1.43403
30,30,NaN,NaN,South,East,1.43403
30,30,NaN,NaN,South,East,1.43402
30,30,NaN,NaN,South,East,1.43401
30,30,NaN,NaN,South,North,2.19598
30,30,NaN,NaN,South,North,2.19611
30,30,NaN,NaN,South,North,2.1962
30,30,NaN,NaN,South,North,2.19622
30,30,NaN,NaN,South,North,2.19625
30,30,NaN,NaN,South,North,2.19622
30,30,NaN,NaN,South,North,2.1958
30,30,NaN,NaN,South,North,2.1958
30,30,NaN,NaN,South,North,2.19581
30,30,NaN,NaN,South,North,2.19577
90,30,NaN,NaN,West,South,1.96602
90,30,NaN,NaN,West,South,1.96598
90,30,NaN,NaN,West,South,1.96597
90,30,NaN,NaN,West,South,1.96605
90,30,NaN,NaN,West,South,1.96597
90,30,NaN,NaN,West,South,1.966
90,30,NaN,NaN,West,South,1.96599
90,30,NaN,NaN,West,South,1.96596
90,30,NaN,NaN,West,South,1.96606
90,30,NaN,NaN,West,South,1.96601
90,30,NaN,NaN,West,South,1.96611
90,30,NaN,NaN,West,South,1.96601
90,30,NaN,NaN,West,South,1.96606
90,30,NaN,NaN,West,South,1.96602
90,30,NaN,NaN,West,South,1.96601
90,30,NaN,NaN,West,South,1.96597
90,30,NaN,NaN,West,South,1.96593
90,30,NaN,NaN,West,South,1.96595
90,30,NaN,NaN,West,South,1.96592
90,30,NaN,NaN,West,South,1.96601
90,30,NaN,NaN,West,South,1.96604
90,30,NaN,NaN,West,South,1.96601
90,30,NaN,NaN,West,South,1.96604
90,30,NaN,NaN,West,South,1.96603
90,30,NaN,NaN,West,South,1.966
90,30,NaN,NaN,West,South,1.96599
90,30,NaN,NaN,West,South,1.96596
90,30,NaN,NaN,West,South,1.966
90,30,NaN,NaN,West,South,1.96604
90,30,NaN,NaN,West,South,1.96602
90,30,NaN,NaN,West,South,1.96599
90,30,NaN,NaN,West,South,1.96601
90,30,NaN,NaN,West,South,1.96601
90,30,NaN,NaN,West,South,1.96598
90,30,NaN,NaN,West,South,1.96601
90,30,NaN,NaN,West,South,1.96602
30,90,NaN,NaN,South,West,1.96599
30,90,NaN,NaN,South,West,1.96599
30,90,NaN,NaN,South,West,1.96597
30,90,NaN,NaN,South,West,1.96598
30,90,NaN,NaN,South,West,1.96598
30,90,NaN,NaN,South,West,1.96602
30,90,NaN,NaN,South,West,1.96604
30,90,NaN,NaN,South,West,1.96609
30,90,NaN,NaN,South,West,1.9661
30,90,NaN,NaN,South,West,1.96608
30,90,NaN,NaN,South,West,1.96608
30,90,NaN,NaN,South,West,1.96603
30,90,NaN,NaN,South,West,1.96606
30,90,NaN,NaN,South,West,1.96606
30,90,NaN,NaN,South,West,1.96602
30,90,NaN,NaN,South,West,1.96606
30,90,NaN,NaN,South,West,1.96606
30,90,NaN,NaN,South,West,1.96592
30,90,NaN,NaN,South,West,1.96598
30,90,NaN,NaN,South,West,1.96598
30,90,NaN,NaN,South,West,1.96599
30,90,NaN,NaN,South,West,1.96601
30,90,NaN,NaN,South,West,1.96599
30,90,NaN,NaN,South,West,1.96596
30,90,NaN,NaN,South,West,1.96593
30,90,NaN,NaN,South,West,1.96589
30,90,NaN,NaN,South,West,1.96591
30,90,NaN,NaN,South,West,1.96596
30,90,NaN,NaN,South,West,1.96598
30,90,NaN,NaN,South,West,1.96596
30,90,NaN,NaN,South,West,1.96598
30,20,NaN,NaN,South,Camp,1.05753
30,20,NaN,NaN,South,Camp,1.0576
30,20,NaN,NaN,South,Camp,1.0576
30,20,NaN,NaN,South,Camp,1.05761
30,20,NaN,NaN,South,Camp,1.05763
30,20,NaN,NaN,South,Camp,1.05764
30,20,NaN,NaN,South,Camp,1.05769
30,20,NaN,NaN,South,Camp,1.05771
30,20,NaN,NaN,South,Camp,1.0577
30,20,NaN,NaN,South,Camp,1.0577
30,20,NaN,NaN,South,Camp,1.05771
30,20,NaN,NaN,South,Camp,1.05772
30,20,NaN,NaN,South,Camp,1.05771
30,20,NaN,NaN,South,Camp,1.0577
30,20,NaN,NaN,South,Camp,1.05767
30,20,NaN,NaN,South,Camp,1.05767
30,20,NaN,NaN,South,Camp,1.05763
30,20,NaN,NaN,South,Camp,1.05764
30,20,NaN,NaN,South,Camp,1.05766
30,20,NaN,NaN,South,Camp,1.05765
30,20,NaN,NaN,South,Camp,1.05763
30,20,NaN,NaN,South,Camp,1.05764
30,20,NaN,NaN,South,Camp,1.05767
30,20,NaN,NaN,South,Camp,1.0577
30,20,NaN,NaN,South,Camp,1.0577
30,20,NaN,NaN,South,Camp,1.05776
30,20,NaN,NaN,South,Camp,1.05775
30,20,NaN,NaN,South,Camp,1.05774
30,20,NaN,NaN,South,Camp,1.05775
30,20,NaN,NaN,South,Camp,1.05775
